MaxEStateIndex,MinEStateIndex,MaxAbsEStateIndex,MinAbsEStateIndex,qed,MolWt,HeavyAtomMolWt,ExactMolWt,NumValenceElectrons,NumRadicalElectrons,MaxPartialCharge,MinPartialCharge,MaxAbsPartialCharge,MinAbsPartialCharge,FpDensityMorgan1,FpDensityMorgan2,FpDensityMorgan3,BCUT2D_MWHI,BCUT2D_MWLOW,BCUT2D_CHGHI,BCUT2D_CHGLO,BCUT2D_LOGPHI,BCUT2D_LOGPLOW,BCUT2D_MRHI,BCUT2D_MRLOW,BalabanJ,BertzCT,Chi0,Chi0n,Chi0v,Chi1,Chi1n,Chi1v,Chi2n,Chi2v,Chi3n,Chi3v,Chi4n,Chi4v,HallKierAlpha,Ipc,Kappa1,Kappa2,Kappa3,LabuteASA,PEOE_VSA1,PEOE_VSA10,PEOE_VSA11,PEOE_VSA12,PEOE_VSA13,PEOE_VSA14,PEOE_VSA2,PEOE_VSA3,PEOE_VSA4,PEOE_VSA5,PEOE_VSA6,PEOE_VSA7,PEOE_VSA8,PEOE_VSA9,SMR_VSA1,SMR_VSA10,SMR_VSA2,SMR_VSA3,SMR_VSA4,SMR_VSA5,SMR_VSA6,SMR_VSA7,SMR_VSA8,SMR_VSA9,SlogP_VSA1,SlogP_VSA10,SlogP_VSA11,SlogP_VSA12,SlogP_VSA2,SlogP_VSA3,SlogP_VSA4,SlogP_VSA5,SlogP_VSA6,SlogP_VSA7,SlogP_VSA8,SlogP_VSA9,TPSA,EState_VSA1,EState_VSA10,EState_VSA11,EState_VSA2,EState_VSA3,EState_VSA4,EState_VSA5,EState_VSA6,EState_VSA7,EState_VSA8,EState_VSA9,VSA_EState1,VSA_EState10,VSA_EState2,VSA_EState3,VSA_EState4,VSA_EState5,VSA_EState6,VSA_EState7,VSA_EState8,VSA_EState9,FractionCSP3,HeavyAtomCount,NHOHCount,NOCount,NumAliphaticCarbocycles,NumAliphaticHeterocycles,NumAliphaticRings,NumAromaticCarbocycles,NumAromaticHeterocycles,NumAromaticRings,NumHAcceptors,NumHDonors,NumHeteroatoms,NumRotatableBonds,NumSaturatedCarbocycles,NumSaturatedHeterocycles,NumSaturatedRings,RingCount,MolLogP,MolMR,fr_Al_COO,fr_Al_OH,fr_Al_OH_noTert,fr_ArN,fr_Ar_COO,fr_Ar_N,fr_Ar_NH,fr_Ar_OH,fr_COO,fr_COO2,fr_C_O,fr_C_O_noCOO,fr_C_S,fr_HOCCN,fr_Imine,fr_NH0,fr_NH1,fr_NH2,fr_N_O,fr_Ndealkylation1,fr_Ndealkylation2,fr_Nhpyrrole,fr_SH,fr_aldehyde,fr_alkyl_carbamate,fr_alkyl_halide,fr_allylic_oxid,fr_amide,fr_amidine,fr_aniline,fr_aryl_methyl,fr_azide,fr_azo,fr_barbitur,fr_benzene,fr_benzodiazepine,fr_bicyclic,fr_diazo,fr_dihydropyridine,fr_epoxide,fr_ester,fr_ether,fr_furan,fr_guanido,fr_halogen,fr_hdrzine,fr_hdrzone,fr_imidazole,fr_imide,fr_isocyan,fr_isothiocyan,fr_ketone,fr_ketone_Topliss,fr_lactam,fr_lactone,fr_methoxy,fr_morpholine,fr_nitrile,fr_nitro,fr_nitro_arom,fr_nitro_arom_nonortho,fr_nitroso,fr_oxazole,fr_oxime,fr_para_hydroxylation,fr_phenol,fr_phenol_noOrthoHbond,fr_phos_acid,fr_phos_ester,fr_piperdine,fr_piperzine,fr_priamide,fr_prisulfonamd,fr_pyridine,fr_quatN,fr_sulfide,fr_sulfonamd,fr_sulfone,fr_term_acetylene,fr_tetrazole,fr_thiazole,fr_thiocyan,fr_thiophene,fr_unbrch_alkane,fr_urea
0.0,0.0,0.0,0.0,0.3426425581429387,1.008,0.0,1.00727645209,0,0,1.0,1.0,1.0,1.0,0.0,0.0,0.0,1.008,1.008,1.0,1.0,0.1125,0.1125,1.112,1.112,0.0,0.0,0.0,1.0,0.0,0.0,0.0,0.0,0.0,0.0,0.0,0.0,0.0,0.0,0.0,0.0,0.0,0.0,0.0,2.853276129399244,0.0,0.0,0.0,0.0,0.0,1.426638064699622,0.0,0.0,0.0,0.0,0.0,0.0,0.0,0.0,1.426638064699622,0.0,0.0,0.0,0.0,0.0,0.0,0.0,0.0,0.0,0.0,0.0,0.0,0.0,0.0,0.0,0.0,1.426638064699622,0.0,0.0,0.0,0.0,0.0,0.0,0.0,0.0,1.426638064699622,0.0,0.0,0.0,0.0,0.0,0.0,0.0,0.0,0.0,0.0,0.0,0.0,0.0,0.0,0.0,0.0,0.0,0.0,0,0,0,0,0,0,0,0,0,0,0,0,0,0,0,0,0,0.1125,1.112,0,0,0,0,0,0,0,0,0,0,0,0,0,0,0,0,0,0,0,0,0,0,0,0,0,0,0,0,0,0,0,0,0,0,0,0,0,0,0,0,0,0,0,0,0,0,0,0,0,0,0,0,0,0,0,0,0,0,0,0,0,0,0,0,0,0,0,0,0,0,0,0,0,0,0,0,0,0,0,0,0,0,0,0,0
0.0,0.0,0.0,0.0,0.3426425581429387,1.008,0.0,1.00727645209,0,0,1.0,1.0,1.0,1.0,0.0,0.0,0.0,1.008,1.008,1.0,1.0,0.1125,0.1125,1.112,1.112,0.0,0.0,0.0,1.0,0.0,0.0,0.0,0.0,0.0,0.0,0.0,0.0,0.0,0.0,0.0,0.0,0.0,0.0,0.0,2.853276129399244,0.0,0.0,0.0,0.0,0.0,1.426638064699622,0.0,0.0,0.0,0.0,0.0,0.0,0.0,0.0,1.426638064699622,0.0,0.0,0.0,0.0,0.0,0.0,0.0,0.0,0.0,0.0,0.0,0.0,0.0,0.0,0.0,0.0,1.426638064699622,0.0,0.0,0.0,0.0,0.0,0.0,0.0,0.0,1.426638064699622,0.0,0.0,0.0,0.0,0.0,0.0,0.0,0.0,0.0,0.0,0.0,0.0,0.0,0.0,0.0,0.0,0.0,0.0,0,0,0,0,0,0,0,0,0,0,0,0,0,0,0,0,0,0.1125,1.112,0,0,0,0,0,0,0,0,0,0,0,0,0,0,0,0,0,0,0,0,0,0,0,0,0,0,0,0,0,0,0,0,0,0,0,0,0,0,0,0,0,0,0,0,0,0,0,0,0,0,0,0,0,0,0,0,0,0,0,0,0,0,0,0,0,0,0,0,0,0,0,0,0,0,0,0,0,0,0,0,0,0,0,0,0
12.382692774814437,-5.621081997501658,12.382692774814437,0.04367213199697173,0.06972302408266542,663.4300000000004,636.2140000000004,663.11021896382,242,0,0.4782931755065388,-0.8588578275127918,0.8588578275127918,0.4782931755065388,1.0454545454545454,1.6818181818181819,2.3636363636363638,31.270371579931645,10.0951085502546,2.470839208537174,-2.2986205637572286,2.5821677548469775,-2.4003845282815313,7.600467803999894,-0.22138011006552225,1.1471947891546252,1555.958626810091,31.973962536829145,22.245021872388666,24.0338762543885,20.67114151319456,12.684098489322675,15.640137091013454,9.784052272999414,12.785186052292424,6.843400620593433,9.409511378795484,4.658717481690026,6.711614932911571,-2.880000000000001,4391373025.084091,32.511482445551025,12.487479886977225,6.698796295266288,246.64517693540836,65.35979406282456,48.46781911887061,23.920842340072497,0.0,7.822697123132171,7.822697123132171,13.655895094434502,23.82761521739654,0.0,0.0,6.076020106833881,17.89167149735289,12.399909779640897,19.541084003790377,67.28140835021846,38.52488030684097,5.409283605791522,24.41894494148346,0.0,55.50042229088555,18.94743140618802,36.70367456607313,0.0,0.0,15.733606474755366,5.817862777835028,0.0,15.645394246264342,111.70167489420689,31.961948170509977,5.409283605791522,12.64872279366088,36.70367456607313,0.0,11.16387793838399,0.0,324.2700000000001,83.83650418760733,44.44955674957113,0.0,28.975666869214294,0.0,6.3273200747645415,34.27025933988116,0.0,0.0,28.310061255888847,20.616676990553806,50.296413069867604,0.0,35.30139155427413,60.1252377242804,6.156030828190051,-0.9240495530208395,0.0,-5.3959543624560355,-1.892340674051706,-11.055617475972502,0.5238095238095238,44,8,21,0,3,3,0,2,2,20,7,23,11,0,2,2,5,-3.466129999999994,138.1601000000001,0,4,4,1,0,4,0,0,0,0,0,0,0,0,0,5,1,1,0,0,0,0,0,0,0,0,1,0,0,1,0,0,0,0,0,0,1,0,0,0,0,2,0,0,0,0,0,1,0,0,0,0,0,0,0,0,0,0,0,0,0,0,0,0,0,0,0,2,2,0,0,0,0,0,0,0,0,0,0,0,0,0,0,0,0
10.008842592592593,-1.8718518518518519,10.008842592592593,0.1439814814814815,0.3931560319330977,171.08399999999997,168.05999999999997,170.99460855573003,66,0,0.06788300828958133,-0.5498050625341044,0.5498050625341044,0.06788300828958133,1.0833333333333333,1.5833333333333333,1.8333333333333333,16.376993628225094,10.160308991293935,1.9790032246337415,-2.0859267914251283,1.968475115934001,-2.3180677240346568,5.957275311919551,-0.3097660479130359,4.552105266699234,250.7639251168273,9.723614639131597,5.733946793159352,5.733946793159352,5.43042811032654,2.7592019217677626,2.7592019217677626,1.8248542106422783,1.8248542106422783,0.8890586715192821,0.8890586715192821,0.479886400469814,0.479886400469814,-1.8499999999999999,249.0665264860381,10.15,4.117027384036986,4.0442464024848945,66.74162612434765,29.703193736737582,0.0,0.0,0.0,0.0,0.0,0.0,0.0,0.0,0.0,0.0,11.64912463690315,12.390126910877859,11.938610575903699,29.703193736737582,17.90791586385555,0.0,0.0,0.0,6.4208216229260096,0.0,11.64912463690315,0.0,0.0,15.319582184522117,0.0,0.0,0.0,17.90791586385555,14.383611552215466,0.0,6.4208216229260096,11.64912463690315,0.0,0.0,0.0,120.38999999999999,29.90184201685082,29.703193736737582,0.0,6.076020106833881,0.0,0.0,0.0,0.0,0.0,0.0,0.0,0.0,0.0,29.651805555555555,29.651805555555555,-0.8935185185185184,-5.369861111111111,0.0,-0.8735648148148147,0.0,0.0,0.16666666666666666,12,0,6,0,0,0,0,0,0,6,0,6,4,0,0,0,0,-4.447399999999999,27.720999999999993,3,0,0,0,0,0,0,0,3,3,3,3,0,0,0,0,0,0,0,0,0,0,0,0,0,0,0,0,0,0,0,0,0,0,0,0,0,0,0,0,0,0,0,0,0,0,0,0,0,0,0,0,0,0,0,0,0,0,0,0,0,0,0,0,0,0,0,0,0,0,0,0,0,0,0,0,0,0,0,0,0,0,0,0,0
12.580713168732899,-5.8202701046669745,12.580713168732899,0.003470466013145712,0.0401690029947255,805.5460000000007,771.2740000000006,805.0966678376403,288,0,0.4807077012465598,-0.8619479510336489,0.8619479510336489,0.4807077012465598,1.1372549019607843,1.803921568627451,2.450980392156863,32.166579494266934,9.872606451126076,2.482128500316475,-2.342527783495528,2.6082473864470304,-2.4514774929084577,8.131038534029958,-0.3465883762299365,1.5930256943616503,1739.5755214951382,38.3632320728199,26.890695648629816,30.390473802557292,23.51709351471486,14.378239646447788,19.8153219228024,11.220434050297998,16.6413362665147,6.681687436907177,10.558195004038014,4.212308582036089,7.4923869500884175,-2.4400000000000013,34567144578.26425,42.968306711664795,17.589923055001428,12.876498185098843,292.7398663899607,69.54389133324943,30.155919955625706,22.808218099523348,0.0,0.0,15.645394246264342,18.40913115528681,24.082032132704285,4.310631369623587,0.0,25.609359348772365,18.216312311641232,31.181094087659346,33.467747514670855,81.10817383779761,69.12248465390759,0.0,19.519035210632982,15.399799934668117,57.83579994372595,37.78979782475996,12.654640149529083,0.0,0.0,25.733545472348546,5.817862777835028,0.0,35.22997631878763,112.90167672331127,41.108417847424896,5.41499046939678,33.41993439273275,22.639449614800423,0.0,11.16387793838399,0.0,381.9300000000001,84.53610317826242,58.48943802923853,0.0,41.607352081155895,5.752853606746789,28.983624746711556,20.771211599071872,0.0,0.0,42.818617882872005,10.470530430962235,61.08286617671962,0.9822268077069933,72.79960344985798,45.18608537017214,4.128663508743143,-1.4869517706881936,0.0,-7.489926487037629,1.3979567070993917,-16.933857095906767,0.6521739130434783,51,6,24,0,1,1,0,2,2,23,5,28,19,0,1,1,3,-3.2941999999999974,166.9190999999997,0,2,2,1,0,4,0,0,0,0,1,1,0,0,2,6,0,1,0,0,0,0,0,0,0,0,0,0,0,1,0,0,0,0,0,0,1,0,0,0,0,1,0,0,0,0,0,1,0,0,0,0,0,0,0,0,0,0,0,0,0,0,0,0,0,0,0,3,3,0,0,0,0,0,0,1,0,0,0,0,0,0,0,1,0
10.860769085411942,-5.260155226442429,10.860769085411942,0.9157098765432097,0.3359281304562826,256.10299999999995,247.03099999999995,255.99951565782,94,0,0.3377711212012331,-0.7898727096688651,0.7898727096688651,0.3377711212012331,1.3125,1.875,2.375,31.204461327174325,10.001879440315461,2.432673309844778,-2.3628600907799675,2.267030185518837,-2.5641717749077264,7.4272980153952695,-0.3433236716727881,2.608138908238463,311.1210712266785,12.508071689507773,7.754851982728062,8.649279173727978,7.2210326720767,4.134442523094574,5.595036009775016,3.144340405016879,4.296966485763955,1.9602580261582774,2.4255569906751027,1.1320962751803807,1.461594819542842,-0.54,2182.4850568809456,13.524683053040105,4.759950070098094,3.2237722003123674,89.46752244079603,38.93206379047026,12.207932775496605,12.207932775496605,0.0,0.0,5.969305287951849,0.0,4.794537184071822,0.0,0.0,0.0,0.0,0.0,14.429579087645088,43.72660097454209,13.79200241108402,0.0,0.0,0.0,24.41586555099321,6.606881964512918,0.0,0.0,0.0,9.78682320550495,0.0,0.0,7.822697123132171,52.311634987980085,18.620195584515017,0.0,0.0,0.0,0.0,0.0,0.0,159.40999999999997,44.814749926590146,24.25293606934881,0.0,0.0,0.0,0.0,0.0,0.0,0.0,9.260610115511867,10.213054789681411,18.26339915595868,0.0,31.108682287729906,27.355170343600403,0.0,-1.2379349332325524,0.0,-7.007896195515243,-0.9157098765432097,-5.260155226442429,0.8333333333333334,16,3,9,0,1,1,0,0,0,9,3,10,3,0,1,1,1,-4.160199999999997,41.45890000000001,0,3,3,0,0,0,0,0,0,0,1,1,0,0,0,0,0,0,0,0,0,0,0,0,0,0,0,0,0,0,0,0,0,0,0,0,0,0,0,0,1,1,0,0,0,0,0,0,0,0,0,0,0,0,1,0,0,0,0,0,0,0,0,0,0,0,0,1,1,0,0,0,0,0,0,0,0,0,0,0,0,0,0,0,0
12.607941936663586,-5.838781353842892,12.607941936663586,0.016029359866544857,0.03208512724730618,862.5740000000009,827.2940000000007,862.0948706895502,310,0,0.4807077012465598,-0.8619479510336412,0.8619479510336412,0.4807077012465598,1.0545454545454545,1.7272727272727273,2.381818181818182,32.166580401581754,9.87260632678014,2.4823154198707833,-2.342528369147776,2.6083371929812316,-2.4514776639298756,8.13173499328483,-0.34664651644731165,1.5367857245419971,1876.0577416239064,41.35479590438263,28.621405791930634,32.12118394585811,25.41094036483221,15.493594718098198,20.930676994452813,11.972869362357095,17.27419842270475,7.172660232689599,11.16874095568949,4.45870822194946,7.925399651980636,-2.970000000000002,217138736821.6763,46.41250697295999,19.453372203940535,14.484066522227957,314.4255064709937,79.44495591216196,30.155919955625706,22.808218099523348,0.0,0.0,15.645394246264342,18.40913115528681,24.082032132704285,4.310631369623587,0.0,25.609359348772365,24.637133934567238,36.64748379884658,33.467747514670855,91.00923841671013,75.09178994185943,0.0,19.519035210632982,15.399799934668117,63.75370598988735,37.78979782475996,12.654640149529083,0.0,0.0,30.840072867189253,5.817862777835028,0.0,35.22997631878763,118.87098201126312,45.90295503149672,5.41499046939678,39.33784043889415,22.639449614800423,0.0,11.16387793838399,0.0,422.06000000000006,108.5862634252386,68.39050260815105,0.0,42.12099397473041,0.0,28.983624746711556,13.847474399381248,0.0,0.0,42.818617882872005,10.470530430962235,61.128396646426495,0.7782453262255116,83.78672121159003,55.51389746173926,4.059258415797544,-3.2146705795833075,0.0,-8.3948434288072,-0.3032516206151856,-17.02042009943981,0.64,55,6,26,0,1,1,0,2,2,25,5,30,22,0,1,1,3,-4.783999999999996,175.4860999999997,1,2,2,1,0,4,0,0,1,1,2,2,0,0,2,6,0,1,0,0,0,0,0,0,0,0,0,0,0,1,0,0,0,0,0,0,1,0,0,0,0,1,0,0,0,0,0,1,0,0,0,0,0,0,0,0,0,0,0,0,0,0,0,0,0,0,0,3,3,0,0,0,0,0,0,1,0,0,0,0,0,0,0,1,0
9.119537037037038,-1.5689351851851858,9.119537037037038,0.5257870370370368,0.29015285452995804,180.15599999999998,168.05999999999997,180.063388104,72,0,0.183570328512782,-0.3935665160029449,0.3935665160029449,0.183570328512782,0.9166666666666666,1.5,2.0,16.639742085644844,9.995184470405995,2.419213978633282,-2.36881763402475,2.1844363674643223,-2.5790512396044134,4.874163848085257,-0.2861114418889685,2.6344089870615974,146.2188491003481,9.300964908321225,6.238174395098331,6.238174395098331,5.574586062669974,3.5620094695937103,3.5620094695937103,2.7194493173895746,2.7194493173895746,1.867059489777345,1.867059489777345,1.0817338105856502,1.0817338105856502,-0.24000000000000002,454.5175035427365,9.845034013605442,3.6489161032347726,1.5817587586505184,68.64284443677028,30.269499928003576,24.41586555099321,6.290026729335213,0.0,0.0,0.0,0.0,0.0,0.0,0.0,0.0,0.0,0.0,6.606881964512918,30.269499928003576,0.0,0.0,0.0,0.0,30.705892280328424,6.606881964512918,0.0,0.0,0.0,0.0,0.0,0.0,0.0,62.845411219044855,4.736862953800049,0.0,0.0,0.0,0.0,0.0,0.0,110.38000000000001,37.312774244841336,0.0,0.0,0.0,0.0,0.0,0.0,0.0,0.0,4.736862953800049,25.532636974203527,4.575925925925926,0.0,0.0,44.65722222222223,0.0,0.0,0.0,-7.040694444444446,-0.5257870370370368,0.0,1.0,12,5,6,0,1,1,0,0,0,6,5,6,1,0,1,1,1,-3.2213999999999987,35.98599999999999,0,5,5,0,0,0,0,0,0,0,0,0,0,0,0,0,0,0,0,0,0,0,0,0,0,0,0,0,0,0,0,0,0,0,0,0,0,0,0,0,0,1,0,0,0,0,0,0,0,0,0,0,0,0,0,0,0,0,0,0,0,0,0,0,0,0,0,0,0,0,0,0,0,0,0,0,0,0,0,0,0,0,0,0,0
9.582546296296297,-1.9629629629629635,9.582546296296297,0.9282407407407409,0.42456491910605076,132.07099999999997,128.039,132.00697038782002,52,0,0.09851008336406487,-0.5500540061453582,0.5500540061453582,0.09851008336406487,1.4444444444444444,1.8888888888888888,2.0,16.404467388022184,10.253331092668164,2.025655557136025,-2.099885967901386,1.8501130926618656,-2.3934814797543167,5.764883849329206,-0.32329900162555203,3.632432151939845,128.919684538544,7.439157588755425,4.364663807731583,4.364663807731583,4.0365812602091875,2.125172286326837,2.125172286326837,1.4109659828294943,1.4109659828294943,0.6320917542057729,0.6320917542057729,0.24120226591665966,0.24120226591665966,-1.0999999999999999,60.47184355343589,7.8999999999999995,3.032306526953668,3.479710144927536,50.539822827694934,24.90865655266576,0.0,0.0,0.0,0.0,0.0,0.0,0.0,0.0,0.0,0.0,0.0,12.390126910877859,12.073271675700152,24.90865655266576,11.938610575903699,0.0,0.0,0.0,12.524788010674312,0.0,0.0,0.0,0.0,10.213054789681411,0.0,0.0,0.0,23.149104358492707,9.589074368143644,0.0,6.4208216229260096,0.0,0.0,0.0,0.0,100.49000000000001,24.46339858657801,19.802129157825057,0.0,0.0,0.0,0.0,0.0,0.0,0.0,0.0,5.106527394840706,0.0,0.0,19.13449074074074,27.348472222222224,0.0,-3.4250925925925917,0.0,-2.891203703703704,0.0,0.0,0.5,9,1,5,0,0,0,0,0,0,5,1,5,3,0,0,0,0,-3.7628,20.637799999999995,2,1,1,0,0,0,0,0,2,2,2,2,0,0,0,0,0,0,0,0,0,0,0,0,0,0,0,0,0,0,0,0,0,0,0,0,0,0,0,0,0,0,0,0,0,0,0,0,0,0,0,0,0,0,0,0,0,0,0,0,0,0,0,0,0,0,0,0,0,0,0,0,0,0,0,0,0,0,0,0,0,0,0,0,0
10.148888888888889,-2.9745370370370363,10.148888888888889,1.357824074074074,0.45490401855988993,189.09899999999996,184.05899999999997,189.00517323973003,74,0,0.11422962957494909,-0.5500418155619469,0.5500418155619469,0.11422962957494909,1.0,1.3076923076923077,1.4615384615384615,16.41749019774941,9.958820312219048,2.286223680897696,-2.291787960207118,2.12598741063189,-2.5367482442960645,5.855262316964366,-0.33948785305047907,4.619312134964085,227.36732222044088,10.646264369941973,6.310916900656232,6.310916900656232,5.776380111846841,3.1125652315146635,3.1125652315146635,2.416612360499933,2.416612360499933,1.2535279404122097,1.2535279404122097,0.6843987247003253,0.6843987247003253,-1.63,333.9634881964944,11.370000000000001,3.853986625290123,3.5181644518634423,72.22546290872793,34.809721131578286,5.601050810983688,0.0,0.0,0.0,0.0,0.0,0.0,0.0,0.0,0.0,0.0,24.780253821755714,5.969305287951849,34.809721131578286,17.90791586385555,0.0,0.0,0.0,18.442694056835705,0.0,0.0,0.0,0.0,15.319582184522117,0.0,0.0,0.0,28.61549406967994,14.383611552215466,0.0,12.841643245852019,0.0,0.0,0.0,0.0,140.61999999999998,36.35060992069125,29.703193736737582,0.0,0.0,0.0,0.0,0.0,0.0,0.0,0.0,5.106527394840706,0.0,0.0,29.99949074074074,38.92513888888889,-2.9745370370370363,-5.984444444444444,0.0,-2.7156481481481483,0.0,0.0,0.5,13,1,7,0,0,0,0,0,0,7,1,7,5,0,0,0,0,-5.252599999999999,29.204799999999995,3,1,0,0,0,0,0,0,3,3,3,3,0,0,0,0,0,0,0,0,0,0,0,0,0,0,0,0,0,0,0,0,0,0,0,0,0,0,0,0,0,0,0,0,0,0,0,0,0,0,0,0,0,0,0,0,0,0,0,0,0,0,0,0,0,0,0,0,0,0,0,0,0,0,0,0,0,0,0,0,0,0,0,0,0
10.457322530864197,-5.630472608024691,10.457322530864197,1.3302469135802468,0.4738219572136872,262.003,257.97099999999995,261.93016390764006,90,0,0.34022962079963975,-0.7898731753299251,0.7898731753299251,0.34022962079963975,1.2,1.6666666666666667,2.0,31.20599628714706,10.395158988576094,2.1811842898471125,-2.308246293272844,2.270892176346785,-2.3177935261464406,7.4349930913216715,-0.34204950750387264,4.123563157630083,310.62919048309067,12.276020881938894,6.800332451050815,8.589186833050647,6.511637233826859,3.1126392265449576,6.033826199905842,2.116313765127108,4.345941222709158,0.86437016301681,1.733220779872552,0.4009609021799371,1.0667999430518567,-0.31,714.813762514425,14.69,5.149981998527831,8.669396754621607,82.92813792561051,42.8577646991369,7.822697123132171,6.103966387748303,0.0,0.0,5.969305287951849,0.0,4.794537184071822,0.0,0.0,0.0,0.0,0.0,14.429579087645088,47.65230188320872,21.614699534216193,0.0,0.0,0.0,6.103966387748303,6.606881964512918,0.0,0.0,0.0,19.5736464110099,0.0,0.0,15.645394246264342,23.786681035053775,22.972128077358114,0.0,0.0,0.0,0.0,0.0,0.0,182.14,34.325547886477416,33.49828016494438,0.0,0.0,0.0,0.0,0.0,0.0,0.0,9.047494323423635,5.106527394840706,26.271349757495592,0.0,49.85398589065256,8.647037037037038,0.0,-1.9335339506172844,0.0,-2.3634722222222218,-1.3302469135802468,-11.034008487654322,0.6666666666666666,15,1,10,0,0,0,0,0,0,10,1,12,5,0,0,0,0,-4.435499999999998,33.263799999999996,0,1,1,0,0,0,0,0,0,0,1,1,0,0,0,0,0,0,0,0,0,0,0,0,0,0,0,0,0,0,0,0,0,0,0,0,0,0,0,0,0,0,0,0,0,0,0,0,0,0,0,0,0,0,0,0,0,0,0,0,0,0,0,0,0,0,0,2,2,0,0,0,0,0,0,0,0,0,0,0,0,0,0,0,0
7.569444444444445,0.25,7.569444444444445,0.25,0.40680796565539457,46.069,40.021,46.041864812,20,0,0.04022058174908642,-0.3966637147812598,0.3966637147812598,0.04022058174908642,2.0,2.0,2.0,16.248991329327914,10.908168035086371,1.3402935186707783,-1.52235869276019,1.2962426382141046,-1.5683635470355741,3.835802335589486,0.3184056131739115,1.6329931618554523,2.7548875021634682,2.7071067811865475,2.1543203766865053,2.1543203766865053,1.4142135623730951,1.0233345472033855,1.0233345472033855,0.3162277660168379,0.3162277660168379,0.0,0.0,0.0,0.0,-0.04,2.7548875021634682,2.9600000000000004,1.96,1.9600000000000033,19.89842689442217,5.106527394840706,0.0,0.0,0.0,0.0,0.0,0.0,0.0,0.0,0.0,0.0,6.923737199690624,6.606881964512918,0.0,5.106527394840706,0.0,0.0,0.0,0.0,6.923737199690624,6.606881964512918,0.0,0.0,0.0,0.0,0.0,0.0,0.0,11.713409359353623,0.0,0.0,6.923737199690624,0.0,0.0,0.0,0.0,20.23,0.0,0.0,0.0,6.606881964512918,0.0,0.0,0.0,6.923737199690624,0.0,0.0,5.106527394840706,0.0,0.0,0.0,7.569444444444445,0.0,0.0,0.0,0.0,1.9305555555555556,0.0,1.0,3,1,1,0,0,0,0,0,0,1,1,1,0,0,0,0,0,-0.0014000000000000123,12.759800000000002,0,1,1,0,0,0,0,0,0,0,0,0,0,0,0,0,0,0,0,0,0,0,0,0,0,0,0,0,0,0,0,0,0,0,0,0,0,0,0,0,0,0,0,0,0,0,0,0,0,0,0,0,0,0,0,0,0,0,0,0,0,0,0,0,0,0,0,0,0,0,0,0,0,0,0,0,0,0,0,0,0,0,0,0,0
8.125,0.25,8.125,0.25,0.3641671297164792,44.009,44.009,43.98982924,16,0,0.3729288194127355,-0.18646440970636774,0.3729288194127355,0.18646440970636774,1.3333333333333333,1.3333333333333333,1.3333333333333333,16.236649983752773,11.774350016247226,1.1319762751861255,-0.9445118654797579,0.7870546020353398,-1.2169546020353397,5.199368063920028,-0.19136806392002795,3.2659863237109046,23.774437510817343,2.7071067811865475,1.3164965809277263,1.3164965809277263,1.4142135623730951,0.4082482904638631,0.4082482904638631,0.08333333333333336,0.08333333333333336,0.0,0.0,0.0,0.0,-0.6200000000000001,2.7548875021634682,2.3800000000000003,1.3800000000000001,1.3799999999999997,17.062295227917083,0.0,0.0,0.0,0.0,0.0,6.1514994233331,0.0,0.0,9.589074368143644,0.0,0.0,0.0,0.0,0.0,9.589074368143644,6.1514994233331,0.0,0.0,0.0,0.0,0.0,0.0,0.0,0.0,0.0,0.0,0.0,0.0,6.1514994233331,9.589074368143644,0.0,0.0,0.0,0.0,0.0,0.0,34.14,0.0,0.0,0.0,6.1514994233331,0.0,0.0,0.0,0.0,0.0,0.0,9.589074368143644,0.0,0.0,16.25,0.0,0.0,0.0,0.0,0.25,0.0,0.0,0.0,3,0,2,0,0,0,0,0,0,2,0,2,0,0,0,0,0,-0.5835,5.007,0,0,0,0,0,0,0,0,0,0,0,2,0,0,0,0,0,0,0,0,0,0,0,0,0,0,0,0,0,0,0,0,0,0,0,0,0,0,0,0,0,0,0,0,0,0,0,0,0,0,0,0,0,0,0,0,0,0,0,0,0,0,0,0,0,0,0,0,0,0,0,0,0,0,0,0,0,0,0,0,0,0,0,0,0
10.536880196523054,-5.242887022864702,10.536880196523054,1.0092883125472407,0.39023895950503074,228.09299999999996,219.02099999999996,228.00460103782004,84,0,0.1887565766676279,-0.7898733861841889,0.7898733861841889,0.1887565766676279,1.4285714285714286,1.9285714285714286,2.2857142857142856,31.204461109195613,10.12987429343079,2.230924193128266,-2.2971363396960904,2.24145806617977,-2.387672773530098,7.427294272098715,-0.3426066145332442,4.022782909014223,233.8861379231059,11.35337115112852,6.899009935071494,7.79343712607141,6.275874226943092,3.4395317176634097,4.900125204343852,2.379591387546512,3.532217468293589,1.2535938257097599,1.7188927902265838,0.5669082163893606,0.9022153654734698,-0.34,673.9948280295666,13.66,5.518860391771591,5.4029312873008655,78.99486625042175,34.19520083667021,18.814814740009524,5.783244946364939,0.0,0.0,0.0,4.794537184071822,0.0,0.0,0.0,0.0,0.0,0.0,14.429579087645088,38.98973802074204,13.605942069497111,0.0,0.0,0.0,12.207932775496605,13.213763929025836,0.0,0.0,0.0,9.78682320550495,0.0,0.0,7.822697123132171,46.52452383540949,13.883332630714968,0.0,0.0,0.0,0.0,0.0,0.0,150.18,39.02763877401955,19.146408674508102,0.0,0.0,0.0,0.0,0.0,0.0,0.0,4.5237471617118175,15.319582184522117,13.528134841899723,0.0,30.378153659611993,25.968906643675986,0.0,-1.1039534517510707,0.0,-3.8496064814814814,-2.0398593002015617,-5.242887022864702,0.8,14,3,8,0,0,0,0,0,0,8,3,9,6,0,0,0,0,-3.885099999999998,37.6649,0,3,3,0,0,0,0,0,0,0,1,1,0,0,0,0,0,0,0,0,0,0,0,0,0,0,0,0,0,0,0,0,0,0,0,0,0,0,0,0,0,0,0,0,0,0,0,0,0,0,0,1,1,0,0,0,0,0,0,0,0,0,0,0,0,0,0,1,1,0,0,0,0,0,0,0,0,0,0,0,0,0,0,0,0
10.536880196523054,-5.242887022864702,10.536880196523054,1.0092883125472407,0.39023895950503074,228.09299999999996,219.02099999999996,228.00460103782004,84,0,0.1887565766676279,-0.7898733861841889,0.7898733861841889,0.1887565766676279,1.4285714285714286,1.9285714285714286,2.2857142857142856,31.204461109195613,10.12987429343079,2.230924193128266,-2.2971363396960904,2.24145806617977,-2.387672773530098,7.427294272098715,-0.3426066145332442,4.022782909014223,233.8861379231059,11.35337115112852,6.899009935071494,7.79343712607141,6.275874226943092,3.4395317176634097,4.900125204343852,2.379591387546512,3.532217468293589,1.2535938257097599,1.7188927902265838,0.5669082163893606,0.9022153654734698,-0.34,673.9948280295666,13.66,5.518860391771591,5.4029312873008655,78.99486625042175,34.19520083667021,18.814814740009524,5.783244946364939,0.0,0.0,0.0,4.794537184071822,0.0,0.0,0.0,0.0,0.0,0.0,14.429579087645088,38.98973802074204,13.605942069497111,0.0,0.0,0.0,12.207932775496605,13.213763929025836,0.0,0.0,0.0,9.78682320550495,0.0,0.0,7.822697123132171,46.52452383540949,13.883332630714968,0.0,0.0,0.0,0.0,0.0,0.0,150.18,39.02763877401955,19.146408674508102,0.0,0.0,0.0,0.0,0.0,0.0,0.0,4.5237471617118175,15.319582184522117,13.528134841899723,0.0,30.378153659611993,25.968906643675986,0.0,-1.1039534517510707,0.0,-3.8496064814814814,-2.0398593002015617,-5.242887022864702,0.8,14,3,8,0,0,0,0,0,0,8,3,9,6,0,0,0,0,-3.885099999999998,37.6649,0,3,3,0,0,0,0,0,0,0,1,1,0,0,0,0,0,0,0,0,0,0,0,0,0,0,0,0,0,0,0,0,0,0,0,0,0,0,0,0,0,0,0,0,0,0,0,0,0,0,0,1,1,0,0,0,0,0,0,0,0,0,0,0,0,0,0,1,1,0,0,0,0,0,0,0,0,0,0,0,0,0,0,0,0
10.720294739510383,0.006611396886621934,10.720294739510383,0.006611396886621934,0.07772780535395982,729.1430000000001,652.5350000000003,728.5743609120001,296,0,0.2068229315163051,-0.5039628062166136,0.5039628062166136,0.2068229315163051,0.41509433962264153,0.6792452830188679,0.9622641509433962,16.518481132389294,9.989656012701097,2.2204987262508857,-2.167565100757599,2.48043620611698,-1.9807024748654993,5.656500372945028,0.3137069345072321,2.362755292622833,1515.6389273845994,39.760573298318405,35.93632764324285,35.93632764324285,25.190886020998136,20.075772992107137,20.075772992107137,15.476925778401787,15.476925778401787,10.0731021332651,10.0731021332651,6.328133428316996,6.328133428316996,-3.6599999999999993,93961155010.22998,47.360267531414685,27.002690285007144,20.39635183871342,325.42264774448284,19.68678069728151,0.0,11.49902366656781,11.49902366656781,0.0,0.0,0.0,0.0,0.0,0.0,93.19299709522521,165.5496963407964,11.126902983393991,14.219595082555067,19.68678069728151,0.0,0.0,0.0,0.0,165.5496963407964,14.219595082555067,104.3199000786192,0.0,22.99804733313562,9.473725907600098,0.0,22.99804733313562,0.0,24.432649872236475,6.4208216229260096,6.923737199690624,163.3320405015738,93.19299709522521,0.0,0.0,0.0,58.92,0.0,10.213054789681411,0.0,22.99804733313562,17.54772460632,77.04985947511214,71.64607456896123,6.923737199690624,0.0,110.92179565188664,9.473725907600098,10.526609590732352,0.0,0.0,21.23360335234923,12.86529457307779,0.356642431675289,0.0,35.07737693458507,21.86409713724162,2.9097093136719776,0.5510204081632653,53,2,4,0,0,0,1,0,1,4,2,4,25,0,0,0,1,15.017619999999964,231.68459999999922,0,0,0,0,0,0,0,2,0,0,0,0,0,0,0,0,0,0,0,0,0,0,0,0,0,0,16,0,0,0,0,0,0,0,1,0,0,0,0,0,0,2,0,0,0,0,0,0,0,0,0,0,0,0,0,2,0,0,0,0,0,0,0,0,0,2,2,0,0,0,0,0,0,0,0,0,0,0,0,0,0,0,0,0,0
10.094120370370371,-1.8599537037037035,10.094120370370371,0.5648148148148149,0.3875882761210721,144.08199999999997,140.04999999999998,144.00697038782002,56,0,0.17814452154984797,-0.5501573884046658,0.5501573884046658,0.17814452154984797,1.0,1.5,1.8,16.377437835062263,10.209480919971329,2.0037614162654203,-2.0026269610938003,1.8657013878437874,-2.3257809752504044,6.313346000236518,-0.3055013338810717,3.6041568215284974,170.87712379549453,8.146264369941973,4.955455014692411,4.955455014692411,4.5365812602091875,2.4777275073462053,2.4777275073462053,1.58264228170342,1.58264228170342,0.7838571184786369,0.7838571184786369,0.31765518153991434,0.31765518153991434,-1.39,111.0417522239666,8.609999999999998,3.600317491426832,3.592178163112716,56.27205328993929,19.802129157825057,5.969305287951849,5.783244946364939,0.0,0.0,0.0,4.794537184071822,0.0,0.0,0.0,0.0,6.4208216229260096,12.390126910877859,0.0,24.596666341896878,17.72185552226864,0.0,0.0,0.0,12.841643245852019,0.0,0.0,0.0,0.0,10.213054789681411,0.0,0.0,0.0,17.72185552226864,14.383611552215466,0.0,12.841643245852019,0.0,0.0,0.0,0.0,97.33000000000001,30.563498768120652,24.596666341896878,0.0,0.0,0.0,0.0,0.0,0.0,0.0,0.0,0.0,0.0,0.0,29.38162037037037,19.2875,0.0,-4.527731481481481,0.0,-1.1413888888888892,0.0,0.0,0.4,10,0,5,0,0,0,0,0,0,5,0,5,4,0,0,0,0,-3.1644999999999994,24.254999999999995,2,0,0,0,0,0,0,0,2,2,3,3,0,0,0,0,0,0,0,0,0,0,0,0,0,0,0,0,0,0,0,0,0,0,0,0,0,0,0,0,0,0,0,0,0,0,0,0,0,0,0,1,1,0,0,0,0,0,0,0,0,0,0,0,0,0,0,0,0,0,0,0,0,0,0,0,0,0,0,0,0,0,0,0,0
9.481481481481481,-1.629629629629629,9.481481481481481,0.9351851851851849,0.35896536194901496,87.054,84.03,87.00876753591001,34,0,0.174698006678422,-0.5417169144416931,0.5417169144416931,0.174698006678422,1.5,1.6666666666666667,1.6666666666666667,16.375308545552915,10.477444848149135,1.8498013860593625,-1.8656941432718412,1.5594979826082132,-2.2860685011646975,6.2996012409218265,-0.2992389225459169,3.5677034550432034,72.03910001730776,5.1547005383792515,3.2247448713915894,3.2247448713915894,2.6427344100918364,1.3623724356957947,1.3623724356957947,0.8436436964131623,0.8436436964131623,0.2874574785652649,0.2874574785652649,0.0,0.0,-0.8600000000000001,13.609640474436812,5.14,1.5450174870172142,1.4584713375796172,34.58641320890631,9.901064578912528,5.969305287951849,5.783244946364939,0.0,0.0,0.0,4.794537184071822,0.0,0.0,0.0,0.0,0.0,6.923737199690624,0.0,14.69560176298435,11.75255023431679,0.0,0.0,0.0,6.923737199690624,0.0,0.0,0.0,0.0,5.106527394840706,0.0,0.0,0.0,11.75255023431679,9.589074368143644,0.0,6.923737199690624,0.0,0.0,0.0,0.0,57.199999999999996,11.75255023431679,14.69560176298435,0.0,0.0,0.0,6.923737199690624,0.0,0.0,0.0,0.0,0.0,0.0,0.0,18.719907407407405,9.238425925925926,0.0,-2.564814814814814,0.0,0.0,0.9398148148148149,0.0,0.3333333333333333,6,0,3,0,0,0,0,0,0,3,0,3,1,0,0,0,0,-1.6746999999999999,15.688,1,0,0,0,0,0,0,0,1,1,2,2,0,0,0,0,0,0,0,0,0,0,0,0,0,0,0,0,0,0,0,0,0,0,0,0,0,0,0,0,0,0,0,0,0,0,0,0,0,0,0,1,1,0,0,0,0,0,0,0,0,0,0,0,0,0,0,0,0,0,0,0,0,0,0,0,0,0,0,0,0,0,0,0,0
12.864456707466292,-0.2833886031133781,12.864456707466292,0.006397862372637286,0.06941561934627678,727.1270000000001,652.5350000000003,726.5587108480001,294,0,0.22781801289005618,-0.48949914099820646,0.48949914099820646,0.22781801289005618,0.41509433962264153,0.6792452830188679,0.9622641509433962,16.512001639859847,9.900723255444966,2.3356637051112648,-2.1927684372293994,2.2818771396068342,-2.243998182325273,6.230113456277002,-0.12071433676691463,2.3432830240447178,1518.921713447411,39.760573298318405,35.85839703317065,35.85839703317065,25.190886020998136,20.036807687071036,20.036807687071036,15.437960473365687,15.437960473365687,10.029036237048324,10.029036237048324,6.294169840832317,6.294169840832317,-3.6599999999999993,93961155010.22998,47.360267531414685,27.002690285007144,20.39635183871342,324.90474570259624,9.473725907600098,0.0,0.0,23.08481963604223,0.0,0.0,9.589074368143644,0.0,0.0,0.0,93.19299709522521,165.5496963407964,11.146209060138535,14.219595082555067,19.06280027574374,11.566489892729878,0.0,0.0,0.0,165.5496963407964,14.219595082555067,115.85753589867612,0.0,0.0,0.0,0.0,0.0,0.0,25.786084975284943,19.06280027574374,0.0,165.5496963407964,115.85753589867612,0.0,0.0,0.0,52.60000000000001,0.0,9.589074368143644,0.0,23.08481963604223,17.567030683064544,77.04985947511214,71.64607456896123,6.923737199690624,0.0,110.92179565188664,9.473725907600098,10.321609590732352,0.0,25.475428212237407,0.0,12.425578379691018,-0.5705797905469332,0.0,34.72187562468805,21.685267558415006,2.7741537581164217,0.5510204081632653,53,0,4,1,0,1,0,0,0,4,0,4,25,0,0,0,1,14.40089999999997,228.7429999999992,0,0,0,0,0,0,0,0,0,0,2,2,0,0,0,0,0,0,0,0,0,0,0,0,0,0,18,0,0,0,0,0,0,0,0,0,0,0,0,0,0,2,0,0,0,0,0,0,0,0,0,2,2,0,0,2,0,0,0,0,0,0,0,0,0,0,0,0,0,0,0,0,0,0,0,0,0,0,0,0,0,0,0,0,0
9.501527777777778,-1.3664814814814814,9.501527777777778,0.46990740740740744,0.40048958238818083,116.07199999999997,112.03999999999998,116.01205576782002,46,0,0.041757643603446394,-0.5501587540194414,0.5501587540194414,0.041757643603446394,1.0,1.25,1.375,16.37247265622863,10.314273883220366,1.8466545579080753,-1.9993227482080043,1.8092093834967486,-2.2732843660607376,5.722776665651285,-0.31464593507134153,3.1818458670936187,92.60593781761291,6.568914100752346,4.047206724228547,4.047206724228547,3.625897657686229,2.0236033621142737,2.0236033621142737,1.2440169358562922,1.2440169358562922,0.5332482904638629,0.5332482904638629,0.20412414523193148,0.20412414523193148,-1.06,40.339203954130696,6.9399999999999995,3.009687481832753,4.939999999999998,45.74558907549892,19.802129157825057,0.0,0.0,0.0,0.0,0.0,0.0,0.0,0.0,0.0,0.0,12.841643245852019,11.938610575903699,0.0,19.802129157825057,11.938610575903699,0.0,0.0,0.0,12.841643245852019,0.0,0.0,0.0,0.0,10.213054789681411,0.0,0.0,0.0,11.938610575903699,9.589074368143644,0.0,12.841643245852019,0.0,0.0,0.0,0.0,80.25999999999999,24.780253821755714,19.802129157825057,0.0,0.0,0.0,0.0,0.0,0.0,0.0,0.0,0.0,0.0,0.0,19.003055555555555,19.003055555555555,0.0,-2.7329629629629624,0.0,-0.9398148148148149,0.0,0.0,0.5,8,0,4,0,0,0,0,0,0,4,0,4,3,0,0,0,0,-2.733599999999999,19.247999999999994,2,0,0,0,0,0,0,0,2,2,2,2,0,0,0,0,0,0,0,0,0,0,0,0,0,0,0,0,0,0,0,0,0,0,0,0,0,0,0,0,0,0,0,0,0,0,0,0,0,0,0,0,0,0,0,0,0,0,0,0,0,0,0,0,0,0,0,0,0,0,0,0,0,0,0,0,0,0,0,0,0,0,0,0,0
9.815550831443689,-5.156810752078609,9.815550831443689,0.005397140337616069,0.35007748665264116,198.06699999999998,191.01099999999997,197.99403635382,72,0,0.15074085718659458,-0.7898733861901297,0.7898733861901297,0.15074085718659458,1.5,2.0,2.3333333333333335,31.204460906602925,10.231699276783655,2.1480413597394445,-2.293310456575566,2.2394279746088057,-2.3247804193491404,7.427290627106873,-0.3425770579772233,3.7868963016588264,185.84539731095862,9.776020881938894,5.822039827574614,6.71646701857453,5.365190624420133,2.8459868749554036,4.306580361635846,1.9370026019885642,3.089628682735642,0.937060590526154,1.402359555042978,0.3569342523906746,0.6922414014747836,-0.3,261.863779684855,11.7,4.658998565412559,5.363379355687048,67.83569038382913,33.88321062590133,12.207932775496605,6.286160523129555,0.0,0.0,0.0,0.0,0.0,0.0,0.0,0.0,0.0,0.0,14.429579087645088,33.88321062590133,14.108857646261725,0.0,0.0,0.0,12.207932775496605,6.606881964512918,0.0,0.0,0.0,9.78682320550495,0.0,0.0,7.822697123132171,35.314030052820485,13.883332630714968,0.0,0.0,0.0,0.0,0.0,0.0,129.95,26.637511863141697,19.146408674508102,0.0,6.286160523129555,0.0,0.0,0.0,0.0,0.0,4.5237471617118175,10.213054789681411,13.405180461073318,0.0,29.41103741496599,17.207324892920134,0.0,0.0,0.0,-3.468105473670949,-0.926404320987654,-5.156810752078609,0.75,12,2,7,0,0,0,0,0,0,7,2,8,5,0,0,0,0,-3.2475999999999994,31.636099999999995,0,2,2,0,0,0,0,0,0,0,1,1,0,0,0,0,0,0,0,0,0,0,0,1,0,0,0,0,0,0,0,0,0,0,0,0,0,0,0,0,0,0,0,0,0,0,0,0,0,0,0,0,0,0,0,0,0,0,0,0,0,0,0,0,0,0,0,1,1,0,0,0,0,0,0,0,0,0,0,0,0,0,0,0,0
8.88888888888889,-1.0833333333333333,8.88888888888889,0.9722222222222221,0.3497740223042638,59.044000000000004,56.02,59.01385291591001,24,0,0.03827859892113979,-0.5504770280073037,0.5504770280073037,0.03827859892113979,2.0,2.0,2.0,16.36392906806316,10.854985217204096,1.459606749757402,-1.7666675953305462,1.306448665688008,-2.1593595007933417,5.598257658193885,-0.30171022802025677,2.8030394876740514,27.019550008653873,3.5773502691896257,2.3164965809277263,2.3164965809277263,1.7320508075688772,0.9082482904638631,0.9082482904638631,0.49158162379719644,0.49158162379719644,0.0,0.0,0.0,0.0,-0.53,3.2451124978365313,3.4699999999999998,0.8748582995951415,1.1560092559629747,24.059948994465934,9.901064578912528,0.0,0.0,0.0,0.0,0.0,0.0,0.0,0.0,0.0,0.0,6.923737199690624,5.969305287951849,0.0,9.901064578912528,5.969305287951849,0.0,0.0,0.0,6.923737199690624,0.0,0.0,0.0,0.0,5.106527394840706,0.0,0.0,0.0,5.969305287951849,4.794537184071822,0.0,6.923737199690624,0.0,0.0,0.0,0.0,40.129999999999995,5.969305287951849,0.0,0.0,0.0,0.0,6.923737199690624,0.0,0.0,0.0,0.0,9.901064578912528,0.0,0.0,8.88888888888889,8.88888888888889,0.0,-1.0833333333333333,0.0,0.0,0.9722222222222221,0.0,0.5,4,0,2,0,0,0,0,0,0,2,0,2,0,0,0,0,0,-1.2438,10.681000000000001,1,0,0,0,0,0,0,0,1,1,1,1,0,0,0,0,0,0,0,0,0,0,0,0,0,0,0,0,0,0,0,0,0,0,0,0,0,0,0,0,0,0,0,0,0,0,0,0,0,0,0,0,0,0,0,0,0,0,0,0,0,0,0,0,0,0,0,0,0,0,0,0,0,0,0,0,0,0,0,0,0,0,0,0,0
9.81324074074074,-5.373086419753086,9.81324074074074,1.1281712962962969,0.4379594707842737,183.03199999999998,178.99999999999997,182.97110983773,66,0,0.1249512489798997,-0.7898512738906226,0.7898512738906226,0.1249512489798997,1.6363636363636365,2.090909090909091,2.1818181818181817,31.204461918872965,10.39518258584785,2.092732864616801,-2.3234301473714902,2.260116400871183,-2.407954777710366,7.427939397134096,-0.3539149950209197,4.101477779413872,182.1247076051515,9.068914100752346,5.128373984159268,6.0228011751591835,4.865190624420133,2.387398485275115,3.8479919719555578,1.5428745724991646,2.6481202741769727,0.6850540754921715,1.1977334190782647,0.3067388962288378,0.7711454901865278,-0.46000000000000013,142.1094519088043,10.54,3.795131139421681,4.882135679025236,61.47074826943254,33.88321062590133,6.103966387748303,0.0,0.0,0.0,0.0,0.0,0.0,0.0,0.0,0.0,0.0,0.0,20.398884375596936,33.88321062590133,13.79200241108402,0.0,0.0,0.0,6.103966387748303,6.606881964512918,0.0,0.0,0.0,14.893350600345656,0.0,0.0,7.822697123132171,23.786681035053775,13.883332630714968,0.0,0.0,0.0,0.0,0.0,0.0,132.78,26.502850763345243,24.25293606934881,0.0,0.0,0.0,0.0,0.0,0.0,0.0,4.5237471617118175,5.106527394840706,13.133564814814815,0.0,29.3187962962963,17.928287037037038,0.0,-1.9588657407407404,0.0,-2.114969135802469,-1.1281712962962969,-5.373086419753086,0.6666666666666666,11,1,7,0,0,0,0,0,0,7,1,8,4,0,0,0,0,-4.057499999999999,24.5723,1,1,1,0,0,0,0,0,1,1,1,1,0,0,0,0,0,0,0,0,0,0,0,0,0,0,0,0,0,0,0,0,0,0,0,0,0,0,0,0,0,0,0,0,0,0,0,0,0,0,0,0,0,0,0,0,0,0,0,0,0,0,0,0,0,0,0,1,1,0,0,0,0,0,0,0,0,0,0,0,0,0,0,0,0
9.664930555555555,-5.071373456790123,9.664930555555555,0.8357638888888888,0.4058425195277941,138.015,134.99099999999999,137.97290698582,48,0,0.3054457911857205,-0.7801604610261332,0.7801604610261332,0.3054457911857205,1.625,2.0,2.0,31.20446123280645,10.85391112459074,1.9249147895984915,-2.2601215045951752,2.2328319173288884,-2.1762779951662936,7.4335934311936205,-0.3371758188532077,3.740352517744469,133.36409612807475,6.784457050376174,3.9884550478192735,4.88288223881919,3.4165022194363885,1.6385450338040846,3.0991385204845283,1.030082312214682,2.1070836890496536,0.2403582914175137,0.7210748742525412,0.1574469453337534,0.4723408360012602,-0.38000000000000006,23.005390496014627,7.62,2.2593342006647625,5.620000000000001,45.51733865064392,18.8756186521481,7.822697123132171,0.0,0.0,0.0,5.969305287951849,4.794537184071822,0.0,0.0,0.0,0.0,0.0,6.923737199690624,0.0,23.67015583621992,13.79200241108402,0.0,0.0,0.0,6.923737199690624,0.0,0.0,0.0,0.0,9.78682320550495,0.0,0.0,7.822697123132171,5.969305287951849,13.883332630714968,0.0,6.923737199690624,0.0,0.0,0.0,0.0,89.49,13.79200241108402,19.146408674508102,0.0,0.0,0.0,6.923737199690624,0.0,0.0,0.0,4.5237471617118175,0.0,12.713888888888889,0.0,28.60659722222222,0.0,0.0,-1.112654320987654,0.0,0.0,0.8357638888888888,-5.071373456790123,0.5,8,0,5,0,0,0,0,0,0,5,0,6,1,0,0,0,0,-1.6218,19.3725,0,0,0,0,0,0,0,0,0,0,1,1,0,0,0,0,0,0,0,0,0,0,0,0,0,0,0,0,0,0,0,0,0,0,0,0,0,0,0,0,0,0,0,0,0,0,0,0,0,0,0,0,0,0,0,0,0,0,0,0,0,0,0,0,0,0,0,1,1,0,0,0,0,0,0,0,0,0,0,0,0,0,0,0,0
11.591022454410801,-6.1378904789844135,11.591022454410801,0.019516718128558264,0.28787963818595974,503.1500000000002,491.05400000000014,502.96663965363985,174,0,0.2777751212132938,-0.7895093814523427,0.7895093814523427,0.2777751212132938,1.064516129032258,1.7419354838709677,2.3870967741935485,31.298090440726277,10.12838779855489,2.446414400921884,-2.3721170318454794,2.6011489270816193,-2.3370048180669363,7.643938689714088,-0.3389315162924129,1.6894094002007243,1104.7844074952268,23.189869965382478,14.764212220116047,17.447493793115793,14.190889127115618,7.8497127296952325,12.231493189736556,5.92995139614001,10.177826388371287,3.795354151928169,7.460653116444992,2.601107166292557,5.466344429297931,-1.3600000000000008,3947352.3460558397,24.285736405612447,8.53221316282703,5.714341420757948,171.2183290717767,49.346027078296686,30.155919955625706,17.692941169337626,0.0,15.645394246264342,0.0,18.0078275872776,19.262566932465212,0.0,0.0,0.0,0.0,0.0,20.75689916240963,61.36371891024434,40.44983208561553,0.0,19.519035210632982,0.0,24.53980033397978,12.340549441675103,12.654640149529083,0.0,0.0,25.307313888172086,5.817862777835028,0.0,23.46809136939651,54.65087112807221,31.577017709553026,0.0,6.22790117073487,12.654640149529083,0.0,11.16387793838399,0.0,290.45000000000005,54.61477366788921,43.4818460554853,0.0,16.98174071621902,0.0,12.654640149529083,4.567099647791355,0.0,0.0,28.096945463800616,10.470530430962235,50.204862937521824,0.0,54.92700643153397,20.32082891508855,5.922478258359277,0.019516718128558264,0.0,-3.9933778576292775,-1.0777104591836735,-18.07360494381923,0.5,31,4,18,0,1,1,0,2,2,18,3,21,8,0,1,1,3,-4.156999999999997,86.60050000000001,0,2,2,1,0,4,0,0,0,0,0,0,0,0,0,4,0,1,0,0,0,0,0,0,0,0,0,0,0,1,0,0,0,0,0,0,1,0,0,0,0,1,0,0,0,0,0,1,0,0,0,0,0,0,0,0,0,0,0,0,0,0,0,0,0,0,0,3,1,0,0,0,0,0,0,0,0,0,0,0,0,0,0,0,0
10.03469671201814,-1.1099537037037035,10.03469671201814,0.02129629629629637,0.32267904450027024,146.14600000000002,136.066,146.06914218,58,0,0.31998282750630963,-0.496742604197077,0.496742604197077,0.31998282750630963,1.6,2.1,2.4,16.367651249811228,10.156477768736666,2.1041617394691325,-2.0208974799789337,1.9322677268484567,-2.2991795913185196,5.749383642234384,-0.13813752573183247,3.4907296603908136,145.8284895747849,8.146264369941973,5.371589582216126,5.371589582216126,4.5365812602091875,2.785147889717173,2.785147889717173,1.9300998520578387,1.9300998520578387,1.0093426073813,1.0093426073813,0.4156959106031993,0.4156959106031993,-1.0999999999999999,111.0417522239666,8.9,3.8375573921028465,3.8485659349463233,57.974250786129275,15.946722266843596,6.041840829147961,5.897745344357611,0.0,0.0,5.969305287951849,10.203820789863343,0.0,0.0,0.0,0.0,6.4208216229260096,6.4208216229260096,0.0,15.007591973753234,11.86705063230946,5.409283605791522,0.0,5.733667477162185,18.88348407499998,0.0,0.0,0.0,0.0,5.733667477162185,0.0,0.0,0.0,28.12194625113883,4.794537184071822,5.409283605791522,12.841643245852019,0.0,0.0,0.0,0.0,107.40000000000002,17.908891461457422,4.794537184071822,0.0,12.841643245852019,0.0,0.0,0.0,0.0,0.0,0.0,21.356005872635116,0.0,0.0,10.03469671201814,23.07132180650038,5.057453703703704,-1.6407870370370365,-0.9791666666666672,0.12314814814814823,0.0,0.0,0.6,10,5,5,0,0,0,0,0,0,3,4,5,4,0,0,0,0,-0.2862299999999998,35.2007,1,1,1,0,0,0,0,0,1,1,1,0,0,0,0,0,1,1,0,0,0,0,0,0,0,0,0,0,0,0,0,0,0,0,0,0,0,0,0,0,0,0,0,0,0,0,0,0,0,0,0,0,0,0,0,0,0,0,0,0,0,0,0,0,0,0,0,0,0,0,0,0,0,0,0,0,0,0,0,0,0,0,0,0,0
8.25,-0.5,8.25,0.5,0.30654732219455955,45.017,44.009,44.99820285191,18,0,0.027473031643524562,-0.5538572254674495,0.5538572254674495,0.027473031643524562,2.0,2.0,2.0,16.34596655894873,11.664976543957321,0.9959343305837491,-1.5213757585290206,0.7543971401778404,-2.0095033113218688,5.2905736645753345,-0.2826312288421039,2.1874960973678963,10.264662506490405,2.7071067811865475,1.393846850117352,1.393846850117352,1.4142135623730951,0.4714045207910318,0.4714045207910318,0.09622504486493766,0.09622504486493766,0.0,0.0,0.0,0.0,-0.53,2.7548875021634682,2.4699999999999993,1.4699999999999982,1.4700000000000009,17.695006880069332,9.901064578912528,0.0,0.0,0.0,0.0,0.0,0.0,0.0,0.0,0.0,0.0,0.0,6.472220864716464,0.0,9.901064578912528,6.472220864716464,0.0,0.0,0.0,0.0,0.0,0.0,0.0,0.0,5.106527394840706,0.0,0.0,0.0,6.472220864716464,4.794537184071822,0.0,0.0,0.0,0.0,0.0,0.0,40.129999999999995,6.472220864716464,0.0,0.0,0.0,0.0,0.0,0.0,0.0,0.0,0.0,9.901064578912528,0.0,0.0,8.25,8.25,0.0,0.0,0.0,0.0,-0.5,0.0,0.0,3,0,2,0,0,0,0,0,0,2,0,2,0,0,0,0,0,-1.6339000000000001,6.064,0,0,0,0,0,0,0,0,0,1,1,1,0,0,0,0,0,0,0,0,0,0,0,0,0,0,0,0,0,0,0,0,0,0,0,0,0,0,0,0,0,0,0,0,0,0,0,0,0,0,0,0,0,0,0,0,0,0,0,0,0,0,0,0,0,0,0,0,0,0,0,0,0,0,0,0,0,0,0,0,0,0,0,0,0
11.278954553176234,-5.851432145651081,11.278954553176234,0.06552434603179069,0.37890411972091204,424.17900000000014,412.0830000000001,424.0075855837299,150,0,0.2713677598802404,-0.7895094717435162,0.7895094717435162,0.2713677598802404,1.2222222222222223,1.9259259259259258,2.5925925925925926,31.270249584882258,10.12838780631526,2.4448417654097345,-2.350424018002185,2.503664464166515,-2.337740942714353,7.58092114451102,-0.3394227991407291,1.748651806804535,932.2328730863925,19.98276318419593,13.0922537532245,14.881108135224329,12.483782345929072,7.11941598635501,10.040602959715892,5.40108814254728,8.10133867903646,3.5953541519281695,5.660653116444993,2.463725559303399,3.9615818090955397,-1.5100000000000007,807942.5643023528,20.230095177968085,7.1445684815019455,4.329348036846754,149.76093941559873,44.45261547554421,30.155919955625706,17.692941169337626,0.0,7.822697123132171,0.0,13.44277930234627,14.951935562841626,0.0,0.0,0.0,0.0,0.0,20.75689916240963,47.59462765293695,32.62713496248336,0.0,19.519035210632982,0.0,24.53980033397978,12.340549441675103,12.654640149529083,0.0,0.0,20.41390228541961,5.817862777835028,0.0,15.645394246264342,54.65087112807221,22.70133805499811,0.0,6.22790117073487,12.654640149529083,0.0,11.16387793838399,0.0,241.08999999999997,46.79207654475704,34.0233861678015,0.0,16.98174071621902,0.0,6.3273200747645415,10.894419722555895,0.0,0.0,23.78631409417703,10.470530430962235,35.749106828900324,0.0,43.66595305847697,20.19337202293469,6.037580598231898,0.06552434603179069,0.0,-3.478963735049577,-0.9312925170068027,-11.356836158074845,0.5,27,4,15,0,1,1,0,2,2,15,3,17,6,0,1,1,3,-3.6419999999999977,77.909,0,2,2,1,0,4,0,0,0,0,0,0,0,0,0,4,0,1,0,0,0,0,0,0,0,0,0,0,0,1,0,0,0,0,0,0,1,0,0,0,0,1,0,0,0,0,0,1,0,0,0,0,0,0,0,0,0,0,0,0,0,0,0,0,0,0,0,2,1,0,0,0,0,0,0,0,0,0,0,0,0,0,0,0,0
9.87037037037037,-2.0007407407407403,9.87037037037037,1.1226851851851851,0.29066971693972443,130.05499999999998,128.039,129.99132032382002,50,0,0.18335526336035815,-0.5496764407015479,0.5496764407015479,0.18335526336035815,1.1111111111111112,1.5555555555555556,1.6666666666666667,16.381601571039955,10.284514393824033,2.001296266910087,-1.9936353578512473,1.7606826257803394,-2.35848795342967,6.341595189449756,-0.30913646979184334,3.788427600543414,158.34093004940024,7.439157588755425,4.248348233505863,4.248348233505863,4.0365812602091875,1.9777275073462053,1.9777275073462053,1.2594189770000568,1.2594189770000568,0.5325655992251679,0.5325655992251679,0.20326313239628543,0.20326313239628543,-1.39,60.47184355343589,7.61,2.806214595296775,3.2151437216338885,49.90711117554269,19.802129157825057,5.969305287951849,5.783244946364939,0.0,0.0,0.0,4.794537184071822,0.0,0.0,0.0,0.0,0.0,5.969305287951849,6.4208216229260096,24.596666341896878,17.72185552226864,0.0,0.0,0.0,6.4208216229260096,0.0,0.0,0.0,0.0,10.213054789681411,0.0,0.0,0.0,17.72185552226864,14.383611552215466,0.0,6.4208216229260096,0.0,0.0,0.0,0.0,97.33000000000001,24.142677145194646,24.596666341896878,0.0,0.0,0.0,0.0,0.0,0.0,0.0,0.0,0.0,0.0,0.0,28.844490740740742,18.974120370370372,0.0,-5.195925925925925,0.0,-1.1226851851851851,0.0,0.0,0.25,9,0,5,0,0,0,0,0,0,5,0,5,3,0,0,0,0,-3.5545999999999998,19.637999999999998,2,0,0,0,0,0,0,0,2,2,3,3,0,0,0,0,0,0,0,0,0,0,0,0,0,0,0,0,0,0,0,0,0,0,0,0,0,0,0,0,0,0,0,0,0,0,0,0,0,0,0,1,1,0,0,0,0,0,0,0,0,0,0,0,0,0,0,0,0,0,0,0,0,0,0,0,0,0,0,0,0,0,0,0,0
12.436188860463925,-5.803911160842558,12.436188860463925,0.020159698321311925,0.04124778962476261,740.3850000000004,715.1850000000005,740.0536229697301,264,0,0.4782931993871503,-0.8585301322506403,0.8585301322506403,0.4782931993871503,1.0416666666666667,1.7291666666666667,2.4166666666666665,31.27044327937869,10.12326536309137,2.4986118397095476,-2.3430364589744106,2.5834710070202167,-2.46114029100626,7.600534202519491,-0.7654504445934088,1.2093210089871336,1810.0730452569735,35.181069318015695,23.748258522247195,26.431540095246945,22.35559292506207,13.252105390182258,17.66873747855349,10.160091998018855,14.266471478989668,6.942259452151938,10.010001347881225,4.803189731854901,7.383059027259403,-2.8600000000000008,20686981828.72528,36.4213389899267,13.804902423958836,8.118447845566653,267.38977324090354,74.22897558928148,42.36385273112231,36.190594700312076,0.0,14.05059829386704,7.822697123132171,13.655895094434502,23.82761521739654,4.567099647791355,0.0,0.0,11.964112412819222,11.629818560158606,27.363781126922547,85.6175992553172,46.34757742997314,5.409283605791522,19.519035210632982,0.0,49.07960066795955,18.94743140618802,42.74451292137545,0.0,0.0,30.087529328051673,5.817862777835028,0.0,23.46809136939651,95.46733659778084,41.050743617153124,5.409283605791522,18.019253833166736,37.18106142967846,0.0,11.16387793838399,0.0,377.1000000000001,91.6592013107395,53.69490084516671,0.0,22.545192207916013,0.0,27.98568301672487,18.3295777085363,0.0,0.0,32.833808417600665,20.616676990553806,67.09254659191815,0.0,56.84797502572012,49.921403753320675,5.61133341585618,-1.1436930916266477,2.663848242224909,-9.233121764934767,-2.1922982130863145,-17.151327292725647,0.47619047619047616,48,7,24,0,2,2,0,3,3,22,6,27,13,0,2,2,5,-5.208129999999997,141.9418,0,3,3,1,0,5,0,0,0,0,0,0,0,0,0,5,1,1,0,0,0,0,0,0,0,0,0,0,0,1,0,0,0,0,0,0,1,0,0,0,0,2,0,0,0,0,0,1,0,0,0,0,0,0,0,0,0,0,0,0,0,0,0,0,0,0,0,3,3,0,0,0,0,1,0,0,0,0,0,0,0,0,0,0,0
8.88888888888889,-1.6759259259259258,8.88888888888889,0.2777777777777777,0.2645719777806331,73.027,72.019,72.99311747191001,28,0,0.16499826472508106,-0.5419647572741821,0.5419647572741821,0.16499826472508106,1.8,2.0,2.0,16.372964525428415,10.81394659934348,1.62858404270243,-1.7585764219750646,1.2821169620098412,-2.2217134317665295,6.17272024107438,-0.29753613258914485,3.204805417886435,55.91340299823497,4.284457050376173,2.302095140581215,2.302095140581215,2.270055610029662,0.9326256854541919,0.9326256854541919,0.4368867239266072,0.4368867239266072,0.09622504486493766,0.09622504486493766,0.0,0.0,-0.8600000000000001,9.65148445440323,4.14,1.4584713375796172,3.1399999999999983,28.221471094509702,9.901064578912528,5.969305287951849,6.286160523129555,0.0,0.0,0.0,4.794537184071822,0.0,0.0,0.0,0.0,0.0,0.0,0.0,14.69560176298435,12.255465811081404,0.0,0.0,0.0,0.0,0.0,0.0,0.0,0.0,5.106527394840706,0.0,0.0,0.0,12.255465811081404,9.589074368143644,0.0,0.0,0.0,0.0,0.0,0.0,57.199999999999996,5.969305287951849,0.0,0.0,6.286160523129555,0.0,0.0,0.0,0.0,0.0,0.0,14.69560176298435,0.0,0.0,17.73148148148148,8.88888888888889,0.0,-1.6759259259259258,0.0,-0.2777777777777777,0.0,0.0,0.0,5,0,3,0,0,0,0,0,0,3,0,3,1,0,0,0,0,-2.0648,11.071,1,0,0,0,0,0,0,0,1,1,2,2,0,0,0,0,0,0,0,0,0,0,0,1,0,0,0,0,0,0,0,0,0,0,0,0,0,0,0,0,0,0,0,0,0,0,0,0,0,0,0,0,0,0,0,0,0,0,0,0,0,0,0,0,0,0,0,0,0,0,0,0,0,0,0,0,0,0,0,0,0,0,0,0,0
12.545596003964448,-5.808683968426776,12.545596003964448,0.0029707018087403725,0.03688140981930592,763.5090000000006,731.2530000000005,763.0861031536401,272,0,0.4807077012465598,-0.8619479531882883,0.8619479531882883,0.4807077012465598,1.1458333333333333,1.8125,2.4583333333333335,32.11687429659048,9.872606582042096,2.481990629757487,-2.3425267068466216,2.608169741549548,-2.451475481145322,7.797850875419894,-0.34658140116222413,1.6373910924223762,1622.674815907993,36.078775022443736,25.021412663202053,28.59912142720172,22.161251467058293,13.497543987405948,18.581483236140745,10.603997511721444,15.200274941248896,6.3850751389774,9.66835811024868,4.02729274983593,6.93733945348794,-2.1100000000000008,9481983848.977169,40.32065647632231,16.275894519922357,11.203780872743495,276.88041669916015,69.54389133324943,30.155919955625706,17.692941169337626,0.0,0.0,15.645394246264342,13.61459397121499,24.082032132704285,16.939420517636577,0.0,13.847474399381248,18.216312311641232,24.25735688796872,33.467747514670855,76.31363665372581,64.87411192234376,0.0,19.519035210632982,15.399799934668117,50.91206274403533,37.78979782475996,12.654640149529083,0.0,0.0,25.733545472348546,5.817862777835028,0.0,36.0968805174095,107.78639979312554,36.313880663353075,5.41499046939678,26.49619719304213,22.639449614800423,0.0,11.16387793838399,0.0,364.86000000000007,84.53610317826242,53.69490084516671,0.0,36.49207515097018,5.752853606746789,17.22173979732044,13.847474399381248,0.0,0.0,55.447407030884996,10.470530430962235,60.96206296942636,3.9056853096822013,61.75064845571316,44.9319193584607,4.166972899787712,-1.3453286088453762,0.0,-7.348829295730806,0.24206543152626248,-16.87630763113133,0.6666666666666666,48,6,23,0,1,1,0,2,2,22,6,27,18,0,1,1,3,-3.6440999999999986,157.6330999999998,0,2,2,1,0,4,0,0,0,0,0,0,0,0,2,6,0,1,0,0,0,0,1,0,0,0,0,0,0,1,0,0,0,0,0,0,1,0,0,0,0,1,0,0,0,0,0,1,0,0,0,0,0,0,0,0,0,0,0,0,0,0,0,0,0,0,0,3,3,0,0,0,0,0,0,0,0,0,0,0,0,0,0,0,0
9.683842592592592,-5.210393518518519,9.683842592592592,1.1184413580246915,0.4379594707842737,183.03199999999998,178.99999999999997,182.97110983773,66,0,0.11694451319328104,-0.7898732020537984,0.7898732020537984,0.11694451319328104,1.6363636363636365,2.090909090909091,2.3636363636363638,31.204460817024042,10.395573277831998,2.044989165441457,-2.2912890765086633,2.2354475550132635,-2.385981556956608,7.427311450484729,-0.3437751980410323,3.720984563822844,182.1247076051515,9.068914100752346,5.128373984159268,6.0228011751591835,4.827185821959348,2.3823424832047353,3.842935969885178,1.5778130767096217,2.7304391574566993,0.662594336847351,1.127893301364175,0.22992960761983472,0.5537060593715498,-0.46000000000000013,140.74551362780613,10.54,3.795131139421681,5.95928721174004,61.47074826943254,33.88321062590133,6.103966387748303,0.0,0.0,0.0,0.0,0.0,0.0,0.0,0.0,0.0,0.0,0.0,20.398884375596936,33.88321062590133,13.79200241108402,0.0,0.0,0.0,6.103966387748303,6.606881964512918,0.0,0.0,0.0,14.893350600345656,0.0,0.0,7.822697123132171,23.786681035053775,13.883332630714968,0.0,0.0,0.0,0.0,0.0,0.0,132.78,26.502850763345243,24.25293606934881,0.0,0.0,0.0,0.0,0.0,0.0,0.0,4.5237471617118175,5.106527394840706,13.109861111111112,0.0,29.048966049382713,17.985123456790124,0.0,-1.9042129629629618,0.0,-2.105347222222222,-1.1184413580246915,-5.210393518518519,0.6666666666666666,11,1,7,0,0,0,0,0,0,7,1,8,4,0,0,0,0,-4.057499999999999,24.5723,1,1,1,0,0,0,0,0,1,1,1,1,0,0,0,0,0,0,0,0,0,0,0,0,0,0,0,0,0,0,0,0,0,0,0,0,0,0,0,0,0,0,0,0,0,0,0,0,0,0,0,0,0,0,0,0,0,0,0,0,0,0,0,0,0,0,0,1,1,0,0,0,0,0,0,0,0,0,0,0,0,0,0,0,0
10.502912886509566,-5.218945679090431,10.502912886509566,0.12529334413849247,0.47443540770680326,345.2080000000001,333.112,345.04853151381997,126,0,0.16713850595082272,-0.7898733865866544,0.7898733865866544,0.16713850595082272,1.3478260869565217,2.0869565217391304,2.782608695652174,31.204461967197073,10.128387819411481,2.440791827469601,-2.297431023459042,2.339241196002131,-2.341673913586484,7.427304306667612,-0.3427074404113526,1.8511475274909786,763.1378284373786,16.77565640300939,11.420295286332951,12.314722477332866,10.776675564742526,6.389119243014788,7.849712729695229,4.872224888954551,6.024850969701631,3.3953541519281702,3.8606531164449946,2.317680846124688,2.647179390487148,-1.6600000000000004,165343.29018390202,16.2067005901362,5.760949153548598,3.052763103574016,128.30354975942075,39.55920387279174,30.155919955625706,17.692941169337626,0.0,0.0,0.0,4.567099647791355,14.951935562841626,0.0,0.0,0.0,0.0,0.0,20.75689916240963,33.825536395629555,24.804437839351188,0.0,19.519035210632982,0.0,24.53980033397978,12.340549441675103,12.654640149529083,0.0,0.0,15.520490682667134,5.817862777835028,0.0,7.822697123132171,54.65087112807221,13.825658400443196,0.0,6.22790117073487,12.654640149529083,0.0,11.16387793838399,0.0,191.73,38.969379421624865,24.564926280117692,0.0,16.98174071621902,0.0,0.0,17.22173979732044,0.0,0.0,19.475682724553444,10.470530430962235,21.271318315039004,0.0,32.75031385830869,19.989000850340137,6.189696279552958,0.12529334413849247,0.0,-2.7483011179487105,-0.7194869614512474,-5.218945679090431,0.5,23,4,12,0,1,1,0,2,2,12,3,13,4,0,1,1,3,-3.126999999999998,69.2175,0,2,2,1,0,4,0,0,0,0,0,0,0,0,0,4,0,1,0,0,0,0,0,0,0,0,0,0,0,1,0,0,0,0,0,0,1,0,0,0,0,1,0,0,0,0,0,1,0,0,0,0,0,0,0,0,0,0,0,0,0,0,0,0,0,0,0,1,1,0,0,0,0,0,0,0,0,0,0,0,0,0,0,0,0
0.0,0.0,0.0,0.0,0.3932132102438689,18.039,14.007,18.03382554809,8,0,-0.36885902728094044,-0.36885902728094044,0.36885902728094044,0.36885902728094044,1.0,1.0,1.0,14.007,14.007,-0.36885902728094044,-0.36885902728094044,-0.4806,-0.4806,2.134,2.134,0.0,0.0,0.0,1.0,1.0,0.0,0.0,0.0,0.0,0.0,0.0,0.0,0.0,0.0,-0.04,0.0,0.9600000000000016,-27.040000000000028,-104.0400000000001,7.50422812385033,6.150546350318038,0.0,0.0,0.0,0.0,0.0,0.0,0.0,0.0,0.0,0.0,0.0,0.0,0.0,0.0,0.0,0.0,6.150546350318038,0.0,0.0,0.0,0.0,0.0,0.0,6.150546350318038,0.0,0.0,0.0,0.0,0.0,0.0,0.0,0.0,0.0,0.0,0.0,36.5,0.0,0.0,0.0,6.150546350318038,0.0,0.0,0.0,0.0,0.0,0.0,0.0,0.0,0.0,0.0,0.0,0.0,0.0,0.0,0.0,0.0,0.0,0.0,1,4,1,0,0,0,0,0,0,0,1,1,0,0,0,0,0,0.3762,5.9848,0,0,0,0,0,0,0,0,0,0,0,0,0,0,0,0,0,0,0,0,0,0,0,0,0,0,0,0,0,0,0,0,0,0,0,0,0,0,0,0,0,0,0,0,0,0,0,0,0,0,0,0,0,0,0,0,0,0,0,0,0,0,0,0,0,0,0,0,0,0,0,0,0,0,1,0,0,0,0,0,0,0,0,0,0
9.24712962962963,-2.1599074074074074,9.24712962962963,0.5272453703703701,0.3055865708949448,180.156,168.05999999999997,180.063388104,72,0,0.2186094439193431,-0.3935662824119154,0.3935662824119154,0.2186094439193431,1.25,1.8333333333333333,2.0833333333333335,16.675748677881646,10.066421265774466,2.521889571702996,-2.2218179132740388,2.2773910564205377,-2.455793466084633,4.942323208793918,-0.2475760853750794,2.7241122341039645,162.11730005192322,9.35337115112852,6.290580637905626,6.290580637905626,5.547859264128101,3.529429997224041,3.529429997224041,2.7772339498880734,2.7772339498880734,1.928512372851439,1.928512372851439,1.1477650069717091,1.1477650069717091,-0.24000000000000002,495.61958654655336,9.845034013605442,3.249570651732814,1.3266768697071722,68.64284443677028,30.269499928003576,18.31189916324491,0.0,5.7871111525705965,0.0,0.0,0.0,0.0,0.0,0.0,0.0,0.0,0.0,13.213763929025836,30.269499928003576,0.0,0.0,0.0,0.0,24.099010315815505,13.213763929025836,0.0,0.0,0.0,0.0,0.0,0.0,0.0,62.845411219044855,4.736862953800049,0.0,0.0,0.0,0.0,0.0,0.0,110.38000000000001,37.312774244841336,5.106527394840706,0.0,0.0,0.0,0.0,0.0,0.0,0.0,4.736862953800049,20.426109579362823,4.627314814814815,0.0,0.0,44.67946759259259,0.0,-2.1599074074074074,0.0,-4.038009259259261,-1.3588657407407405,0.0,1.0,12,5,6,0,1,1,0,0,0,6,5,6,2,0,1,1,1,-3.219799999999999,36.00799999999999,0,5,4,0,0,0,0,0,0,0,0,0,0,0,0,0,0,0,0,0,0,0,0,0,0,0,0,0,0,0,0,0,0,0,0,0,0,0,0,0,0,1,0,0,0,0,0,0,0,0,0,0,0,0,0,0,0,0,0,0,0,0,0,0,0,0,0,0,0,0,0,0,0,0,0,0,0,0,0,0,0,0,0,0,0
9.644166666666667,-5.296095679012346,9.644166666666667,1.2145061728395061,0.25146388178938095,165.01699999999997,163.00099999999998,164.96054515373004,58,0,0.13936896690289405,-0.7802406759257141,0.7802406759257141,0.13936896690289405,1.5,1.9,2.0,31.204461322740915,10.594669262246663,1.9613993313617404,-2.2945702589767025,2.270805516342751,-2.271507905279076,7.4292642802674145,-0.34212611628942435,4.067302180177984,201.0384684210058,8.361807319565798,4.603810119469684,5.4982373104696,4.327185821959347,1.9462225696292899,3.4068160563097334,1.2491345021927596,2.3261358790277313,0.4496675684012834,0.8936609039423706,0.17222644056670072,0.5166793217001023,-0.8400000000000001,75.1914571177504,9.16,2.8291049168975073,4.080319108035371,55.986911485052275,28.776683231060627,19.551167282740195,0.0,0.0,0.0,0.0,0.0,0.0,0.0,0.0,6.578935683598497,0.0,0.0,0.0,28.776683231060627,13.79200241108402,0.0,0.0,0.0,0.0,0.0,12.338100555254673,0.0,0.0,14.893350600345656,0.0,0.0,7.822697123132171,5.969305287951849,13.883332630714968,0.0,0.0,12.338100555254673,0.0,0.0,0.0,112.55,19.551167282740195,24.25293606934881,0.0,0.0,0.0,0.0,0.0,0.0,0.0,11.102682845310316,0.0,12.931203703703705,0.0,28.93078703703704,9.642453703703703,0.0,-3.1525385802469135,0.0,0.0,2.5830787037037037,-5.296095679012346,0.0,10,0,6,0,0,0,0,0,0,6,0,7,3,0,0,0,0,-2.904699999999999,22.838499999999996,1,0,0,0,0,0,0,0,1,1,1,1,0,0,0,0,0,0,0,0,0,0,0,0,0,0,0,0,0,0,0,0,0,0,0,0,0,0,0,0,0,0,0,0,0,0,0,0,0,0,0,0,0,0,0,0,0,0,0,0,0,0,0,0,0,0,0,1,1,0,0,0,0,0,0,0,0,0,0,0,0,0,0,0,0
8.659722222222221,-5.138888888888889,8.659722222222221,5.138888888888889,0.34687237828986084,95.97800000000001,94.97,95.96234230182,32,0,0.05570354153101837,-0.7900715423358614,0.7900715423358614,0.05570354153101837,1.6,1.6,1.6,31.204228293369848,15.771696919319565,1.6363528684993855,-2.1880775727675674,2.1099371137288823,-2.108421707535538,7.415895507760613,-0.33652686244983343,3.472066495600119,49.78353986569365,4.5,2.119172062391505,3.013599253391421,2.0,0.7477225575051661,2.2431676725154985,0.4685557720282968,1.4056673160848905,0.0,0.0,0.0,0.0,0.10999999999999999,3.6096404744368114,5.109999999999999,1.0648297577687837,1512.2422314049597,28.30662084449607,19.245283093188753,0.0,0.0,0.0,0.0,0.0,0.0,0.0,0.0,0.0,0.0,0.0,0.0,7.822697123132171,19.245283093188753,7.822697123132171,0.0,0.0,0.0,0.0,0.0,0.0,0.0,0.0,9.78682320550495,0.0,0.0,7.822697123132171,4.893411602752475,4.565048284931329,0.0,0.0,0.0,0.0,0.0,0.0,83.41999999999999,7.822697123132171,0.0,0.0,0.0,0.0,0.0,0.0,0.0,0.0,0.0,19.245283093188753,8.659722222222221,0.0,24.28472222222222,0.0,0.0,0.0,0.0,0.0,0.0,-5.138888888888889,0.0,5,1,4,0,0,0,0,0,0,3,1,5,0,0,0,0,0,-2.1925999999999997,9.825299999999999,0,0,0,0,0,0,0,0,0,0,0,0,0,0,0,0,0,0,0,0,0,0,0,0,0,0,0,0,0,0,0,0,0,0,0,0,0,0,0,0,0,0,0,0,0,0,0,0,0,0,0,0,0,0,0,0,0,0,0,0,0,0,0,0,0,0,0,1,0,0,0,0,0,0,0,0,0,0,0,0,0,0,0,0,0
9.337962962962962,-1.435185185185185,9.337962962962962,1.1342592592592593,0.40858641244745625,89.07,84.03,89.02441759991001,36,0,0.09051697174152415,-0.5473323389686671,0.5473323389686671,0.09051697174152415,2.0,2.1666666666666665,2.1666666666666665,16.398735260096664,10.433967204080323,1.8874108129709615,-1.9997584667693615,1.687517844885826,-2.324696054142607,5.683035648283421,-0.31362856172439285,3.2575861612334887,57.058650025961626,5.1547005383792515,3.34106044561731,3.34106044561731,2.6427344100918364,1.5324725839954632,1.5324725839954632,0.9950090629444039,0.9950090629444039,0.34111151573446186,0.34111151573446186,0.0,0.0,-0.5700000000000001,13.609640474436812,5.43,1.7676338396942162,1.7215451895043727,35.21912486105855,15.007591973753234,0.0,0.0,0.0,0.0,0.0,0.0,0.0,0.0,0.0,0.0,6.923737199690624,0.0,12.073271675700152,15.007591973753234,5.969305287951849,0.0,0.0,0.0,13.027703587438927,0.0,0.0,0.0,0.0,5.106527394840706,0.0,0.0,0.0,17.17979907054086,4.794537184071822,0.0,6.923737199690624,0.0,0.0,0.0,0.0,60.36,12.073271675700152,9.901064578912528,0.0,0.0,0.0,6.923737199690624,0.0,0.0,0.0,0.0,5.106527394840706,0.0,0.0,9.337962962962962,17.305555555555554,0.0,-1.435185185185185,0.0,-1.3425925925925928,1.1342592592592593,0.0,0.6666666666666666,6,1,3,0,0,0,0,0,0,3,1,3,1,0,0,0,0,-1.8829000000000002,16.687800000000003,1,1,1,0,0,0,0,0,1,1,1,1,0,0,0,0,0,0,0,0,0,0,0,0,0,0,0,0,0,0,0,0,0,0,0,0,0,0,0,0,0,0,0,0,0,0,0,0,0,0,0,0,0,0,0,0,0,0,0,0,0,0,0,0,0,0,0,0,0,0,0,0,0,0,0,0,0,0,0,0,0,0,0,0,0
10.768907776588001,-5.360265556325411,10.768907776588001,1.1033096427871567,0.26961126132850705,288.145,275.04099999999994,288.02573040582007,108,0,0.18877055356021236,-0.7898733877845938,0.7898733877845938,0.18877055356021236,1.1666666666666667,1.6666666666666667,2.0555555555555554,31.204461514831017,10.00717046151059,2.3351827052606127,-2.3143180970942745,2.2458930604789136,-2.4916681121198896,7.4272942690044115,-0.34286456368218265,4.401427842947245,313.348055866671,14.508071689507771,8.948137664450662,9.842564855450577,8.097241431989008,4.622596163824398,6.08318965050484,3.3607763610062067,4.513402441753283,1.9567601346388868,2.422059099155712,0.9646055063720888,1.2999126554561982,-0.4200000000000001,4312.979849443497,17.58,7.23822087262174,5.9565514830138095,101.31321798360702,44.408255626351625,31.022747515506126,5.783244946364939,0.0,0.0,0.0,4.794537184071822,0.0,0.0,0.0,0.0,0.0,0.0,14.429579087645088,49.20279281042344,13.605942069497111,0.0,0.0,0.0,24.41586555099321,13.213763929025836,0.0,0.0,0.0,9.78682320550495,0.0,0.0,7.822697123132171,68.9455114005875,13.883332630714968,0.0,0.0,0.0,0.0,0.0,0.0,190.64,51.23557154951615,29.359463464189513,0.0,0.0,0.0,0.0,0.0,0.0,0.0,4.5237471617118175,15.319582184522117,13.711128823060191,0.0,30.918461183605338,45.04044254159041,0.0,-1.214824302406148,0.0,-8.535819475938524,-2.2535676580302906,-5.360265556325411,0.8571428571428571,18,5,10,0,0,0,0,0,0,10,5,11,8,0,0,0,0,-5.163299999999996,49.67850000000002,0,5,5,0,0,0,0,0,0,0,1,1,0,0,0,0,0,0,0,0,0,0,0,0,0,0,0,0,0,0,0,0,0,0,0,0,0,0,0,0,0,0,0,0,0,0,0,0,0,0,0,1,1,0,0,0,0,0,0,0,0,0,0,0,0,0,0,1,1,0,0,0,0,0,0,0,0,0,0,0,0,0,0,0,0
10.09529666547689,-5.376222346448868,10.09529666547689,1.1921904132023178,0.3240351309508603,273.10999999999996,263.03,273.00280388973005,102,0,0.12175215531175784,-0.7898733877845939,0.7898733877845939,0.12175215531175784,1.1764705882352942,1.6470588235294117,2.0,31.20446142559976,10.037573975125472,2.307401529069576,-2.3177190297745276,2.24537860547316,-2.5216268084594957,7.427292886075591,-0.34335874142185974,4.342362035869706,299.1712480845663,13.800964908321225,8.20206557822802,9.096492769227936,7.559236629528226,4.156939152446219,5.617532639126661,3.055385228999541,4.208011309746618,1.712531105582733,2.177830070099558,0.820042781281208,1.1553499303653172,-0.5800000000000001,2421.199227434534,16.420000000000005,6.378868921195474,6.052718446855867,94.9482758692104,49.20279281042344,24.41586555099321,0.0,0.0,0.0,0.0,0.0,0.0,0.0,0.0,0.0,0.0,0.0,20.398884375596936,49.20279281042344,13.79200241108402,0.0,0.0,0.0,24.41586555099321,6.606881964512918,0.0,0.0,0.0,14.893350600345656,0.0,0.0,7.822697123132171,57.41816238282079,13.883332630714968,0.0,0.0,0.0,0.0,0.0,0.0,193.47,44.814749926590146,24.25293606934881,0.0,0.0,0.0,0.0,0.0,0.0,0.0,4.5237471617118175,20.426109579362823,13.592791057781138,0.0,30.11832114687439,45.93145623810224,0.0,-2.1083428209246664,0.0,-9.160257306626352,-1.1921904132023178,-5.376222346448868,0.8333333333333334,17,4,10,0,0,0,0,0,0,10,4,11,7,0,0,0,0,-5.974799999999997,42.59270000000001,1,4,4,0,0,0,0,0,1,1,1,1,0,0,0,0,0,0,0,0,0,0,0,0,0,0,0,0,0,0,0,0,0,0,0,0,0,0,0,0,0,0,0,0,0,0,0,0,0,0,0,0,0,0,0,0,0,0,0,0,0,0,0,0,0,0,0,1,1,0,0,0,0,0,0,0,0,0,0,0,0,0,0,0,0
7.569444444444445,0.25,7.569444444444445,0.25,0.40680796565539457,46.069,40.021,46.041864812,20,0,0.04022058174908642,-0.3966637147812598,0.3966637147812598,0.04022058174908642,2.0,2.0,2.0,16.248991329327914,10.908168035086371,1.3402935186707783,-1.52235869276019,1.2962426382141046,-1.5683635470355741,3.835802335589486,0.3184056131739115,1.6329931618554523,2.7548875021634682,2.7071067811865475,2.1543203766865053,2.1543203766865053,1.4142135623730951,1.0233345472033855,1.0233345472033855,0.3162277660168379,0.3162277660168379,0.0,0.0,0.0,0.0,-0.04,2.7548875021634682,2.9600000000000004,1.96,1.9600000000000033,19.89842689442217,5.106527394840706,0.0,0.0,0.0,0.0,0.0,0.0,0.0,0.0,0.0,0.0,6.923737199690624,6.606881964512918,0.0,5.106527394840706,0.0,0.0,0.0,0.0,6.923737199690624,6.606881964512918,0.0,0.0,0.0,0.0,0.0,0.0,0.0,11.713409359353623,0.0,0.0,6.923737199690624,0.0,0.0,0.0,0.0,20.23,0.0,0.0,0.0,6.606881964512918,0.0,0.0,0.0,6.923737199690624,0.0,0.0,5.106527394840706,0.0,0.0,0.0,7.569444444444445,0.0,0.0,0.0,0.0,1.9305555555555556,0.0,1.0,3,1,1,0,0,0,0,0,0,1,1,1,0,0,0,0,0,-0.0014000000000000123,12.759800000000002,0,1,1,0,0,0,0,0,0,0,0,0,0,0,0,0,0,0,0,0,0,0,0,0,0,0,0,0,0,0,0,0,0,0,0,0,0,0,0,0,0,0,0,0,0,0,0,0,0,0,0,0,0,0,0,0,0,0,0,0,0,0,0,0,0,0,0,0,0,0,0,0,0,0,0,0,0,0,0,0,0,0,0,0,0
7.0,7.0,7.0,7.0,0.37829615354121426,31.998,31.998,31.98982924,12,0,0.0,0.0,0.0,0.0,1.0,1.0,1.0,16.706106781186545,15.291893218813449,0.7071067811865474,-0.7071067811865474,0.7406067811865472,-0.6736067811865474,4.074106781186547,2.659893218813453,2.0,0.0,2.0,0.8164965809277261,0.8164965809277261,1.0,0.1666666666666667,0.1666666666666667,0.0,0.0,0.0,0.0,0.0,0.0,-0.4,2.0,1.6000000000000005,0.5999999999999998,-4.899999999999997,11.307062301569806,0.0,0.0,0.0,0.0,0.0,0.0,0.0,0.0,0.0,0.0,0.0,0.0,9.929461356600067,0.0,0.0,0.0,0.0,0.0,0.0,0.0,0.0,9.929461356600067,0.0,0.0,0.0,0.0,0.0,0.0,0.0,0.0,9.929461356600067,0.0,0.0,0.0,0.0,0.0,34.14,0.0,0.0,0.0,0.0,0.0,0.0,0.0,0.0,0.0,0.0,9.929461356600067,0.0,0.0,14.0,0.0,0.0,0.0,0.0,0.0,0.0,0.0,0.0,2,0,2,0,0,0,0,0,0,2,0,2,0,0,0,0,0,0.067,6.734,0,0,0,0,0,0,0,0,0,0,0,0,0,0,0,0,0,0,0,0,0,0,0,0,0,0,0,0,0,0,0,0,0,0,0,0,0,0,0,0,0,0,0,0,0,0,0,0,0,0,0,0,0,0,0,0,0,0,0,0,0,0,0,0,0,0,0,0,0,0,0,0,0,0,0,0,0,0,0,0,0,0,0,0,0
7.0,7.0,7.0,7.0,0.37829615354121426,31.998,31.998,31.98982924,12,0,0.0,0.0,0.0,0.0,1.0,1.0,1.0,16.706106781186545,15.291893218813449,0.7071067811865474,-0.7071067811865474,0.7406067811865472,-0.6736067811865474,4.074106781186547,2.659893218813453,2.0,0.0,2.0,0.8164965809277261,0.8164965809277261,1.0,0.1666666666666667,0.1666666666666667,0.0,0.0,0.0,0.0,0.0,0.0,-0.4,2.0,1.6000000000000005,0.5999999999999998,-4.899999999999997,11.307062301569806,0.0,0.0,0.0,0.0,0.0,0.0,0.0,0.0,0.0,0.0,0.0,0.0,9.929461356600067,0.0,0.0,0.0,0.0,0.0,0.0,0.0,0.0,9.929461356600067,0.0,0.0,0.0,0.0,0.0,0.0,0.0,0.0,9.929461356600067,0.0,0.0,0.0,0.0,0.0,34.14,0.0,0.0,0.0,0.0,0.0,0.0,0.0,0.0,0.0,0.0,9.929461356600067,0.0,0.0,14.0,0.0,0.0,0.0,0.0,0.0,0.0,0.0,0.0,2,0,2,0,0,0,0,0,0,2,0,2,0,0,0,0,0,0.067,6.734,0,0,0,0,0,0,0,0,0,0,0,0,0,0,0,0,0,0,0,0,0,0,0,0,0,0,0,0,0,0,0,0,0,0,0,0,0,0,0,0,0,0,0,0,0,0,0,0,0,0,0,0,0,0,0,0,0,0,0,0,0,0,0,0,0,0,0,0,0,0,0,0,0,0,0,0,0,0,0,0,0,0,0,0,0
8.805555555555555,0.75,8.805555555555555,0.75,0.35500761339323206,44.053,40.021,44.026214748,18,0,0.1164052831422626,-0.30371526986366926,0.30371526986366926,0.1164052831422626,2.0,2.0,2.0,16.12814585089842,10.960294041682554,1.2409923070832758,-1.2348845535859683,1.1286964310315497,-1.3580303671411733,5.439544344589547,-0.10561046336263406,2.1874960973678963,10.264662506490405,2.7071067811865475,1.9855985596534889,1.9855985596534889,1.4142135623730951,0.8130525295851417,0.8130525295851417,0.2357022603955159,0.2357022603955159,0.0,0.0,0.0,0.0,-0.33,2.7548875021634682,2.67,1.6699999999999997,1.6700000000000006,19.265715242269923,4.794537184071822,6.286160523129555,0.0,0.0,0.0,0.0,0.0,0.0,0.0,0.0,0.0,6.923737199690624,0.0,0.0,4.794537184071822,6.286160523129555,0.0,0.0,0.0,6.923737199690624,0.0,0.0,0.0,0.0,0.0,0.0,0.0,0.0,6.286160523129555,4.794537184071822,0.0,6.923737199690624,0.0,0.0,0.0,0.0,17.07,0.0,0.0,0.0,0.0,0.0,6.286160523129555,6.923737199690624,0.0,0.0,0.0,4.794537184071822,0.0,0.0,8.805555555555555,0.0,0.0,0.0,0.0,0.75,1.4444444444444444,0.0,0.5,3,0,1,0,0,0,0,0,0,1,0,1,0,0,0,0,0,0.2052,11.738000000000001,0,0,0,0,0,0,0,0,0,0,1,1,0,0,0,0,0,0,0,0,0,0,0,1,0,0,0,0,0,0,0,0,0,0,0,0,0,0,0,0,0,0,0,0,0,0,0,0,0,0,0,0,0,0,0,0,0,0,0,0,0,0,0,0,0,0,0,0,0,0,0,0,0,0,0,0,0,0,0,0,0,0,0,0,0
9.414722222222222,-1.5470370370370372,9.414722222222222,0.3842592592592591,0.35910182469264323,114.05599999999997,112.03999999999998,113.99640570382002,44,0,0.06429605670177144,-0.5454662539365716,0.5454662539365716,0.06429605670177144,1.0,1.25,1.375,16.37046114258238,10.498585341861373,1.704908139236488,-1.902439984351413,1.6376499243575844,-2.2260692838021856,5.87160408699949,-0.301160664044511,3.668626461933803,118.97373660251154,6.568914100752346,3.787693700234704,3.787693700234704,3.625897657686229,1.7271801834506855,1.7271801834506855,0.971404520791032,0.971404520791032,0.35549886030924216,0.35549886030924216,0.1360827634879544,0.1360827634879544,-1.3199999999999998,40.339203954130696,6.68,2.7879637132919783,4.679999999999999,45.05598604331467,19.802129157825057,0.0,0.0,0.0,0.0,0.0,0.0,0.0,0.0,0.0,0.0,12.152040213667762,0.0,11.938610575903699,19.802129157825057,11.938610575903699,0.0,0.0,0.0,0.0,0.0,12.152040213667762,0.0,0.0,10.213054789681411,0.0,0.0,0.0,11.938610575903699,9.589074368143644,0.0,0.0,12.152040213667762,0.0,0.0,0.0,80.25999999999999,11.938610575903699,19.802129157825057,0.0,0.0,12.152040213667762,0.0,0.0,0.0,0.0,0.0,0.0,0.0,0.0,18.829444444444444,18.829444444444444,0.0,-3.094074074074074,0.0,0.7685185185185184,0.0,0.0,0.0,8,0,4,0,0,0,0,0,0,4,0,4,2,0,0,0,0,-2.9576000000000002,19.153999999999996,2,0,0,0,0,0,0,0,2,2,2,2,0,0,0,0,0,0,0,0,0,0,0,0,0,0,0,0,0,0,0,0,0,0,0,0,0,0,0,0,0,0,0,0,0,0,0,0,0,0,0,0,0,0,0,0,0,0,0,0,0,0,0,0,0,0,0,0,0,0,0,0,0,0,0,0,0,0,0,0,0,0,0,0,0
12.498229897585356,-5.780650806940984,12.498229897585356,0.024465253876867266,0.06384601143287853,741.3930000000006,715.1850000000005,741.0619965816402,266,0,0.4782931755187613,-0.8588578275127918,0.8588578275127918,0.4782931755187613,1.0208333333333333,1.6875,2.375,31.27044329170238,10.095108522537869,2.485394760150064,-2.3426803061584134,2.5836930291496407,-2.4003905701044093,7.600536044771027,-0.3472085623128724,1.1997576602685036,1736.1632882001645,35.181069318015695,23.878015034244118,26.561296607243868,22.35559292506207,13.39189860331125,17.808530691682478,10.310698253814254,14.417077734785071,7.069797597073744,10.13753949280303,4.904520188548891,7.484389483953393,-2.730000000000001,20686981828.72528,36.54806712732914,13.88230199799422,8.171345225742233,268.10256659158637,79.12888532013196,48.46781911887061,23.920842340072497,0.0,7.822697123132171,7.822697123132171,13.655895094434502,23.82761521739654,0.0,0.0,6.076020106833881,17.89167149735289,12.399909779640897,27.363781126922547,81.05049960752584,46.34757742997314,5.409283605791522,24.41894494148346,0.0,55.50042229088555,18.94743140618802,36.70367456607313,0.0,0.0,25.520429680260317,5.817862777835028,0.0,23.46809136939651,106.59514749936618,41.050743617153124,5.409283605791522,12.64872279366088,36.70367456607313,0.0,11.16387793838399,0.0,376.4600000000001,91.6592013107395,53.69490084516671,0.0,28.975666869214294,0.0,17.22173979732044,23.37583961732526,0.0,0.0,32.833808417600665,20.616676990553806,65.99913868907257,0.0,58.03273143640619,49.99434063150331,5.745925135089212,-1.0870037492230198,0.0,-7.449141970753703,-2.181934692678151,-17.137388812749744,0.5238095238095238,48,7,24,0,3,3,0,2,2,23,6,27,13,0,2,2,5,-4.61313,144.63279999999997,0,3,3,1,0,4,0,0,0,0,0,0,0,0,0,5,1,1,0,0,0,0,0,0,0,0,1,0,0,1,0,0,0,0,0,0,1,0,0,0,0,2,0,0,0,0,0,1,0,0,0,0,0,0,0,0,0,0,0,0,0,0,0,0,0,0,0,3,3,0,0,0,0,0,0,0,0,0,0,0,0,0,0,0,0
9.674583333333334,-5.051658950617284,9.674583333333334,0.06513888888888908,0.3634418642070361,168.04099999999997,163.00099999999998,167.98347166982003,60,0,0.15036771034353544,-0.7898731951300384,0.7898731951300384,0.15036771034353544,1.7,2.2,2.5,31.204460702102217,10.438905866740393,2.0089008433592372,-2.281813732570293,2.2338155796424957,-2.2246198774791375,7.427305913449149,-0.3419596555169952,3.5507487210973183,149.07191849430646,8.198670612749268,4.797475962885031,5.6919031538849465,4.454507021897173,2.2544546518749082,3.7150481385553515,1.4464101152587168,2.599036196005794,0.5604932331832988,1.0257921977001228,0.2069372846079739,0.5422444336920831,-0.25999999999999995,99.59282168544263,9.739999999999998,3.7988938645089942,5.869198966408269,56.67651451723653,28.776683231060627,6.103966387748303,6.286160523129555,0.0,0.0,0.0,0.0,0.0,0.0,0.0,0.0,0.0,0.0,14.429579087645088,28.776683231060627,14.108857646261725,0.0,0.0,0.0,6.103966387748303,6.606881964512918,0.0,0.0,0.0,9.78682320550495,0.0,0.0,7.822697123132171,24.10353627023148,13.883332630714968,0.0,0.0,0.0,0.0,0.0,0.0,109.72000000000001,20.53354547539339,19.146408674508102,0.0,6.286160523129555,0.0,0.0,0.0,0.0,0.0,4.5237471617118175,5.106527394840706,13.21976851851852,0.0,28.94711419753087,8.329305555555557,0.0,0.0,0.0,-1.493912037037037,-0.8117283950617282,-5.051658950617284,0.6666666666666666,10,1,6,0,0,0,0,0,0,6,1,7,4,0,0,0,0,-2.608499999999999,25.629299999999997,0,1,1,0,0,0,0,0,0,0,1,1,0,0,0,0,0,0,0,0,0,0,0,1,0,0,0,0,0,0,0,0,0,0,0,0,0,0,0,0,0,0,0,0,0,0,0,0,0,0,0,0,0,0,0,0,0,0,0,0,0,0,0,0,0,0,0,1,1,0,0,0,0,0,0,0,0,0,0,0,0,0,0,0,0
9.973472222222222,-1.280833333333333,9.973472222222222,0.08564814814814814,0.4737433635483861,146.122,138.058,146.04588131591,58,0,0.31998036728836454,-0.5501705582123831,0.5501705582123831,0.31998036728836454,1.6,2.1,2.4,16.37071260929044,10.15987524820017,2.0922487963649608,-2.0466994838554182,1.91612253889609,-2.3243240408738166,5.738159729292682,-0.3053487045190167,3.4907296603908136,144.58337707694838,8.146264369941973,5.240872567643894,5.240872567643894,4.5365812602091875,2.7197893824310566,2.7197893824310566,1.8554143428059395,1.8554143428059395,0.9766633537382423,0.9766633537382423,0.39682853471546375,0.39682853471546375,-1.0999999999999999,111.0417522239666,8.9,3.8375573921028465,3.8485659349463233,57.450421886908245,20.74125945091542,6.041840829147961,0.0,0.0,0.0,5.969305287951849,4.794537184071822,0.0,0.0,0.0,0.0,12.841643245852019,5.969305287951849,0.0,19.802129157825057,11.938610575903699,0.0,0.0,5.733667477162185,18.88348407499998,0.0,0.0,0.0,0.0,10.84019487200289,0.0,0.0,0.0,23.086978799892364,9.589074368143644,0.0,12.841643245852019,0.0,0.0,0.0,0.0,103.45,17.98045140505166,14.69560176298435,0.0,12.841643245852019,0.0,0.0,0.0,0.0,0.0,0.0,10.84019487200289,0.0,0.0,19.74022297808012,17.923295540438396,4.974120370370371,-2.4741203703703696,-1.0991666666666668,-0.39768518518518525,0.0,0.0,0.6,10,3,5,0,0,0,0,0,0,4,2,5,4,0,0,0,0,-2.071599999999999,29.852199999999993,2,0,0,0,0,0,0,0,2,2,2,1,0,0,0,0,0,1,0,0,0,0,0,0,0,0,0,0,0,0,0,0,0,0,0,0,0,0,0,0,0,0,0,0,0,0,0,0,0,0,0,0,0,0,0,0,0,0,0,0,0,0,0,0,0,0,0,0,0,0,0,0,0,0,0,0,0,0,0,0,0,0,0,0,0
8.805555555555555,0.75,8.805555555555555,0.75,0.35500761339323206,44.053,40.021,44.026214748,18,0,0.1164052831422626,-0.30371526986366926,0.30371526986366926,0.1164052831422626,2.0,2.0,2.0,16.12814585089842,10.960294041682554,1.2409923070832758,-1.2348845535859683,1.1286964310315497,-1.3580303671411733,5.439544344589547,-0.10561046336263406,2.1874960973678963,10.264662506490405,2.7071067811865475,1.9855985596534889,1.9855985596534889,1.4142135623730951,0.8130525295851417,0.8130525295851417,0.2357022603955159,0.2357022603955159,0.0,0.0,0.0,0.0,-0.33,2.7548875021634682,2.67,1.6699999999999997,1.6700000000000006,19.265715242269923,4.794537184071822,6.286160523129555,0.0,0.0,0.0,0.0,0.0,0.0,0.0,0.0,0.0,6.923737199690624,0.0,0.0,4.794537184071822,6.286160523129555,0.0,0.0,0.0,6.923737199690624,0.0,0.0,0.0,0.0,0.0,0.0,0.0,0.0,6.286160523129555,4.794537184071822,0.0,6.923737199690624,0.0,0.0,0.0,0.0,17.07,0.0,0.0,0.0,0.0,0.0,6.286160523129555,6.923737199690624,0.0,0.0,0.0,4.794537184071822,0.0,0.0,8.805555555555555,0.0,0.0,0.0,0.0,0.75,1.4444444444444444,0.0,0.5,3,0,1,0,0,0,0,0,0,1,0,1,0,0,0,0,0,0.2052,11.738000000000001,0,0,0,0,0,0,0,0,0,0,1,1,0,0,0,0,0,0,0,0,0,0,0,1,0,0,0,0,0,0,0,0,0,0,0,0,0,0,0,0,0,0,0,0,0,0,0,0,0,0,0,0,0,0,0,0,0,0,0,0,0,0,0,0,0,0,0,0,0,0,0,0,0,0,0,0,0,0,0,0,0,0,0,0,0
10.084583333333333,-5.064714506172839,10.084583333333333,0.8333333333333335,0.46032800832660536,168.04099999999997,163.00099999999998,167.98347166982003,60,0,0.18359655287969118,-0.7898618882922245,0.7898618882922245,0.18359655287969118,1.6,2.1,2.4,31.204460691939506,10.460967278059583,1.9903376908433954,-2.272318659128816,2.2297524187842783,-2.206265637709463,7.427643324109116,-0.3406818243493781,3.560527032674639,158.37586395323947,8.198670612749268,4.849882205692326,5.744309396692242,4.454507021897173,2.2464305703703515,3.707024057050795,1.4174396252741768,2.5700657060212544,0.5600043644718338,1.0053315753622523,0.19669634825647367,0.49880195185189335,-0.25999999999999995,99.59282168544263,9.739999999999998,3.7988938645089942,5.869198966408269,56.67651451723653,23.982146046988802,13.213763929025836,5.783244946364939,0.0,0.0,0.0,4.794537184071822,0.0,0.0,0.0,0.0,0.0,0.0,7.822697123132171,28.776683231060627,13.605942069497111,0.0,0.0,0.0,0.0,13.213763929025836,0.0,0.0,0.0,9.78682320550495,0.0,0.0,7.822697123132171,24.10353627023148,13.883332630714968,0.0,0.0,0.0,0.0,0.0,0.0,109.72000000000001,26.81970599852295,19.146408674508102,0.0,0.0,0.0,0.0,0.0,0.0,0.0,4.5237471617118175,5.106527394840706,13.184667422524566,0.0,29.42012188208617,8.008297115142353,0.0,-0.8546990740740739,0.0,0.0,-1.7214506172839505,-5.064714506172839,0.6666666666666666,10,1,6,0,0,0,0,0,0,6,1,7,4,0,0,0,0,-2.606899999999999,25.651299999999996,0,1,1,0,0,0,0,0,0,0,1,1,0,0,0,0,0,0,0,0,0,0,0,0,0,0,0,0,0,0,0,0,0,0,0,0,0,0,0,0,0,0,0,0,0,0,0,0,0,0,0,1,1,0,0,0,0,0,0,0,0,0,0,0,0,0,0,1,1,0,0,0,0,0,0,0,0,0,0,0,0,0,0,0,0
12.359995104724714,-5.625507700693065,12.359995104724714,0.04019104210229574,0.0444188736330985,662.4220000000004,636.2140000000004,662.1018453519101,240,0,0.47829319938715026,-0.8585301322506403,0.8585301322506403,0.47829319938715026,1.0681818181818181,1.75,2.477272727272727,31.27037156815378,10.123265379445668,2.4938385718273937,-2.263105388944484,2.582098602124661,-2.4611401438357485,7.600466094268398,-0.7654496357069346,1.1576280907235281,1628.6201084376487,31.973962536829145,22.115265360391742,23.904119742391575,20.67114151319456,12.544305276193684,15.500343877884463,9.633446017204015,12.634579796497023,6.715862475671627,9.281973233873678,4.557387024996036,6.610284476217581,-3.010000000000001,4391373025.084091,32.38536083220391,12.410403086179665,6.649830638278756,245.93238358472553,60.45988433197409,42.36385273112231,36.190594700312076,0.0,14.05059829386704,7.822697123132171,13.655895094434502,23.82761521739654,4.567099647791355,0.0,0.0,11.964112412819222,11.629818560158606,19.541084003790377,71.84850799800981,38.52488030684097,5.409283605791522,19.519035210632982,0.0,49.07960066795955,18.94743140618802,42.74451292137545,0.0,0.0,20.30070612254672,5.817862777835028,0.0,15.645394246264342,100.57386399262155,31.961948170509977,5.409283605791522,18.019253833166736,37.18106142967846,0.0,11.16387793838399,0.0,324.91,83.83650418760733,44.44955674957113,0.0,22.545192207916013,0.0,6.3273200747645415,39.98794065049662,0.0,0.0,28.310061255888847,20.616676990553806,51.43742094260993,0.0,34.075872167365446,60.04513263622122,6.0214391089570185,-0.9807388954244676,2.719537653048727,-7.240758609012163,-1.9027041944598695,-11.064089698194724,0.47619047619047616,44,8,21,0,2,2,0,3,3,19,7,23,11,0,2,2,5,-4.061129999999994,135.46910000000008,0,4,4,1,0,5,0,0,0,0,0,0,0,0,0,5,1,1,0,0,0,0,0,0,0,0,0,0,0,1,0,0,0,0,0,0,1,0,0,0,0,2,0,0,0,0,0,1,0,0,0,0,0,0,0,0,0,0,0,0,0,0,0,0,0,0,0,2,2,0,0,0,0,1,0,0,0,0,0,0,0,0,0,0,0
10.127546296296297,-2.413981481481482,10.127546296296297,1.1413888888888892,0.4544600553949998,189.09899999999996,184.05899999999997,189.00517323973003,74,0,0.10168106847391037,-0.5501455683231639,0.5501455683231639,0.10168106847391037,1.0769230769230769,1.5384615384615385,1.7692307692307692,16.40745782210179,9.989202269510034,2.210100026830367,-2.2400376955246215,2.0647940855370996,-2.4901674271800465,5.824351076094867,-0.3337585877667192,4.5055756135965535,233.1372663658403,10.593858127134677,6.258510657848936,6.258510657848936,5.857948465255108,3.155429044718846,3.155429044718846,2.265534182952124,2.265534182952124,1.311950636581942,1.311950636581942,0.6676877745978668,0.6676877745978668,-1.63,416.51687529861823,11.370000000000001,4.409043685401573,3.5181644518634423,72.22546290872793,34.809721131578286,6.103966387748303,0.0,0.0,0.0,0.0,0.0,0.0,0.0,0.0,0.0,6.4208216229260096,17.856516622065094,5.969305287951849,34.809721131578286,17.90791586385555,0.0,0.0,5.917906046161393,12.524788010674312,0.0,0.0,0.0,0.0,15.319582184522117,0.0,0.0,0.0,29.118409646444555,14.383611552215466,5.917906046161393,6.4208216229260096,0.0,0.0,0.0,0.0,140.62,36.35060992069125,29.703193736737582,0.0,0.0,0.0,0.0,0.0,0.0,0.0,0.0,5.106527394840706,0.0,0.0,30.003194444444443,38.63472222222222,0.0,-7.915879629629629,0.0,-3.555370370370371,0.0,0.0,0.5,13,1,7,0,0,0,0,0,0,7,1,7,5,0,0,0,0,-5.396699999999999,29.134799999999988,3,1,1,0,0,0,0,0,3,3,3,3,0,0,0,0,0,0,0,0,0,0,0,0,0,0,0,0,0,0,0,0,0,0,0,0,0,0,0,0,0,0,0,0,0,0,0,0,0,0,0,0,0,0,0,0,0,0,0,0,0,0,0,0,0,0,0,0,0,0,0,0,0,0,0,0,0,0,0,0,0,0,0,0,0
8.659722222222221,-5.138888888888889,8.659722222222221,5.138888888888889,0.34687237828986084,95.97800000000001,94.97,95.96234230182,32,0,0.05570354153101837,-0.7900715423358614,0.7900715423358614,0.05570354153101837,1.6,1.6,1.6,31.204228293369848,15.771696919319565,1.6363528684993855,-2.1880775727675674,2.1099371137288823,-2.108421707535538,7.415895507760613,-0.33652686244983343,3.472066495600119,49.78353986569365,4.5,2.119172062391505,3.013599253391421,2.0,0.7477225575051661,2.2431676725154985,0.4685557720282968,1.4056673160848905,0.0,0.0,0.0,0.0,0.10999999999999999,3.6096404744368114,5.109999999999999,1.0648297577687837,1512.2422314049597,28.30662084449607,19.245283093188753,0.0,0.0,0.0,0.0,0.0,0.0,0.0,0.0,0.0,0.0,0.0,0.0,7.822697123132171,19.245283093188753,7.822697123132171,0.0,0.0,0.0,0.0,0.0,0.0,0.0,0.0,9.78682320550495,0.0,0.0,7.822697123132171,4.893411602752475,4.565048284931329,0.0,0.0,0.0,0.0,0.0,0.0,83.41999999999999,7.822697123132171,0.0,0.0,0.0,0.0,0.0,0.0,0.0,0.0,0.0,19.245283093188753,8.659722222222221,0.0,24.28472222222222,0.0,0.0,0.0,0.0,0.0,0.0,-5.138888888888889,0.0,5,1,4,0,0,0,0,0,0,3,1,5,0,0,0,0,0,-2.1925999999999997,9.825299999999999,0,0,0,0,0,0,0,0,0,0,0,0,0,0,0,0,0,0,0,0,0,0,0,0,0,0,0,0,0,0,0,0,0,0,0,0,0,0,0,0,0,0,0,0,0,0,0,0,0,0,0,0,0,0,0,0,0,0,0,0,0,0,0,0,0,0,0,1,0,0,0,0,0,0,0,0,0,0,0,0,0,0,0,0,0
0.0,0.0,0.0,0.0,0.3277476769246249,18.015,15.999,18.010564684,8,0,-0.4115095219374226,-0.4115095219374226,0.4115095219374226,0.4115095219374226,1.0,1.0,1.0,15.999,15.999,-0.4115095219374226,-0.4115095219374226,-0.2893,-0.2893,0.8238,0.8238,0.0,0.0,0.0,0.5,0.5,0.0,0.0,0.0,0.0,0.0,0.0,0.0,0.0,0.0,-0.04,0.0,0.9600000000000016,-27.040000000000028,-104.0400000000001,6.84923118831809,5.476191835881363,0.0,0.0,0.0,0.0,0.0,0.0,0.0,0.0,0.0,0.0,0.0,0.0,0.0,5.476191835881363,0.0,0.0,0.0,0.0,0.0,0.0,0.0,0.0,0.0,0.0,0.0,0.0,0.0,5.476191835881363,0.0,0.0,0.0,0.0,0.0,0.0,0.0,31.5,0.0,0.0,0.0,5.476191835881363,0.0,0.0,0.0,0.0,0.0,0.0,0.0,0.0,0.0,0.0,0.0,0.0,0.0,0.0,0.0,0.0,0.0,0.0,1,2,1,0,0,0,0,0,0,0,0,1,0,0,0,0,0,-0.8247,3.6138,0,0,0,0,0,0,0,0,0,0,0,0,0,0,0,0,0,0,0,0,0,0,0,0,0,0,0,0,0,0,0,0,0,0,0,0,0,0,0,0,0,0,0,0,0,0,0,0,0,0,0,0,0,0,0,0,0,0,0,0,0,0,0,0,0,0,0,0,0,0,0,0,0,0,0,0,0,0,0,0,0,0,0,0,0
